[2025-12-21 14:45:29.845] [INFO] [SERVER] WebSocket 服务器初始化完成
[2025-12-21 14:45:29.851] [INFO] [SERVER] ============================================================
[2025-12-21 14:45:29.852] [INFO] [SERVER] 服务器启动成功
[2025-12-21 14:45:29.852] [INFO] [SERVER] 端口: 3002
[2025-12-21 14:45:29.852] [INFO] [SERVER] 环境: development
[2025-12-21 14:45:29.853] [INFO] [SERVER] 音乐目录: D:\Projects\music-player\backend\music
[2025-12-21 14:45:29.853] [INFO] [SERVER] 数据库: undefined
[2025-12-21 14:45:29.853] [INFO] [SERVER] 访问地址: http://localhost:3002
[2025-12-21 14:45:29.854] [INFO] [SERVER] ============================================================
[2025-12-21 14:45:34.857] [INFO] [SERVER] 启动自动清理任务，间隔: 24 小时
[2025-12-21 14:52:27.481] [INFO] [SERVER] 客户端连接: ee4fac72-22db-46ac-bb28-999809b1abd4, 当前连接数: 1
[2025-12-21 14:52:27.540] [INFO] [SERVER] 客户端 ee4fac72-22db-46ac-bb28-999809b1abd4 订阅了频道: all
[2025-12-21 14:55:15.746] [INFO] [SERVER] 客户端断开: ee4fac72-22db-46ac-bb28-999809b1abd4, 剩余连接数: 0
[2025-12-21 14:55:16.567] [INFO] [SERVER] 客户端连接: b519c8cb-a97c-4ec5-8d5c-d35fc8774967, 当前连接数: 1
[2025-12-21 14:55:16.571] [INFO] [SERVER] 客户端 b519c8cb-a97c-4ec5-8d5c-d35fc8774967 订阅了频道: all
[2025-12-21 15:06:59.929] [INFO] [SERVER] 正在关闭服务器...
[2025-12-21 15:06:59.931] [INFO] [SERVER] 数据库连接已关闭
[2025-12-21 15:06:59.933] [INFO] [SERVER] 服务器已关闭
[2025-12-21 15:08:33.923] [INFO] [SERVER] WebSocket 服务器初始化完成
[2025-12-21 15:08:33.927] [INFO] [SERVER] ============================================================
[2025-12-21 15:08:33.927] [INFO] [SERVER] 服务器启动成功
[2025-12-21 15:08:33.928] [INFO] [SERVER] 端口: 3002
[2025-12-21 15:08:33.928] [INFO] [SERVER] 环境: development
[2025-12-21 15:08:33.929] [INFO] [SERVER] 音乐目录: D:\Projects\music-player\backend\music
[2025-12-21 15:08:33.929] [INFO] [SERVER] 数据库: undefined
[2025-12-21 15:08:33.929] [INFO] [SERVER] 访问地址: http://localhost:3002
[2025-12-21 15:08:33.929] [INFO] [SERVER] ============================================================
[2025-12-21 15:08:38.939] [INFO] [SERVER] 启动自动清理任务，间隔: 24 小时
[2025-12-21 15:08:40.761] [INFO] [SERVER] 客户端连接: b6adfcde-a54c-432a-84eb-4d0ad9e78d99, 当前连接数: 1
[2025-12-21 15:08:40.764] [INFO] [SERVER] 客户端 b6adfcde-a54c-432a-84eb-4d0ad9e78d99 订阅了频道: all
[2025-12-21 15:08:41.707] [INFO] [SERVER] 客户端断开: b6adfcde-a54c-432a-84eb-4d0ad9e78d99, 剩余连接数: 0
[2025-12-21 15:08:42.517] [INFO] [SERVER] 客户端连接: 7a5c0a90-2ce0-4531-9369-8358e1acc469, 当前连接数: 1
[2025-12-21 15:08:42.521] [INFO] [SERVER] 客户端 7a5c0a90-2ce0-4531-9369-8358e1acc469 订阅了频道: all
[2025-12-21 15:27:04.120] [INFO] [SERVER] WebSocket 服务器初始化完成
[2025-12-21 15:27:04.124] [INFO] [SERVER] ============================================================
[2025-12-21 15:27:04.124] [INFO] [SERVER] 服务器启动成功
[2025-12-21 15:27:04.125] [INFO] [SERVER] 端口: 3002
[2025-12-21 15:27:04.125] [INFO] [SERVER] 环境: development
[2025-12-21 15:27:04.125] [INFO] [SERVER] 音乐目录: D:\Projects\music-player\backend\music
[2025-12-21 15:27:04.125] [INFO] [SERVER] 数据库: undefined
[2025-12-21 15:27:04.126] [INFO] [SERVER] 访问地址: http://localhost:3002
[2025-12-21 15:27:04.126] [INFO] [SERVER] ============================================================
[2025-12-21 15:27:09.126] [INFO] [SERVER] 启动自动清理任务，间隔: 24 小时
[2025-12-21 15:28:11.160] [INFO] [SERVER] 客户端连接: f16c9e2a-fa22-4e5a-92eb-884d9805c438, 当前连接数: 1
[2025-12-21 15:28:11.173] [INFO] [SERVER] 客户端 f16c9e2a-fa22-4e5a-92eb-884d9805c438 订阅了频道: all
[2025-12-21 15:28:17.333] [INFO] [SERVER] 客户端断开: f16c9e2a-fa22-4e5a-92eb-884d9805c438, 剩余连接数: 0
[2025-12-21 15:28:17.810] [INFO] [SERVER] 客户端连接: 7f06267c-9c26-4cde-852d-8fa77c22e291, 当前连接数: 1
[2025-12-21 15:28:17.815] [INFO] [SERVER] 客户端 7f06267c-9c26-4cde-852d-8fa77c22e291 订阅了频道: all
[2025-12-21 15:31:06.496] [INFO] [SERVER] WebSocket 服务器初始化完成
[2025-12-21 15:31:06.500] [INFO] [SERVER] ============================================================
[2025-12-21 15:31:06.500] [INFO] [SERVER] 服务器启动成功
[2025-12-21 15:31:06.500] [INFO] [SERVER] 端口: 3002
[2025-12-21 15:31:06.501] [INFO] [SERVER] 环境: development
[2025-12-21 15:31:06.501] [INFO] [SERVER] 音乐目录: D:\Projects\music-player\backend\music
[2025-12-21 15:31:06.501] [INFO] [SERVER] 数据库: undefined
[2025-12-21 15:31:06.502] [INFO] [SERVER] 访问地址: http://localhost:3002
[2025-12-21 15:31:06.502] [INFO] [SERVER] ============================================================
[2025-12-21 15:31:11.511] [INFO] [SERVER] 启动自动清理任务，间隔: 24 小时
[2025-12-21 15:31:12.165] [INFO] [SERVER] 客户端连接: fb1e49d5-7dde-403f-bc17-9831565a41ce, 当前连接数: 1
[2025-12-21 15:31:12.168] [INFO] [SERVER] 客户端 fb1e49d5-7dde-403f-bc17-9831565a41ce 订阅了频道: all
[2025-12-21 15:31:17.467] [INFO] [SERVER] 客户端连接: 231aa046-6e66-4f92-b7e5-5df64ecd7fbf, 当前连接数: 2
[2025-12-21 15:31:17.469] [INFO] [SERVER] 客户端 231aa046-6e66-4f92-b7e5-5df64ecd7fbf 订阅了频道: all
[2025-12-21 15:35:36.579] [WARN] [SERVER] 客户端心跳超时: 231aa046-6e66-4f92-b7e5-5df64ecd7fbf
[2025-12-21 15:35:38.452] [INFO] [SERVER] 客户端连接: 9e711385-fe9d-4153-b38f-9c430da86d5e, 当前连接数: 2
[2025-12-21 15:35:38.454] [INFO] [SERVER] 客户端 9e711385-fe9d-4153-b38f-9c430da86d5e 订阅了频道: all
[2025-12-21 15:39:36.631] [WARN] [SERVER] 客户端心跳超时: 9e711385-fe9d-4153-b38f-9c430da86d5e
[2025-12-21 15:39:38.454] [INFO] [SERVER] 客户端连接: aa2d4565-4be9-415d-a50e-aa02875256c1, 当前连接数: 2
[2025-12-21 15:39:38.455] [INFO] [SERVER] 客户端 aa2d4565-4be9-415d-a50e-aa02875256c1 订阅了频道: all
[2025-12-21 15:41:11.542] [INFO] [SERVER] 正在关闭服务器...
[2025-12-21 15:41:11.545] [INFO] [SERVER] 数据库连接已关闭
[2025-12-21 15:41:11.547] [INFO] [SERVER] 服务器已关闭
[2025-12-21 15:42:17.514] [INFO] [SERVER] WebSocket 服务器初始化完成
[2025-12-21 15:42:17.518] [INFO] [SERVER] ============================================================
[2025-12-21 15:42:17.518] [INFO] [SERVER] 服务器启动成功
[2025-12-21 15:42:17.518] [INFO] [SERVER] 端口: 3002
[2025-12-21 15:42:17.518] [INFO] [SERVER] 环境: development
[2025-12-21 15:42:17.519] [INFO] [SERVER] 音乐目录: D:\Projects\music-player\backend\music
[2025-12-21 15:42:17.519] [INFO] [SERVER] 数据库: undefined
[2025-12-21 15:42:17.519] [INFO] [SERVER] 访问地址: http://localhost:3002
[2025-12-21 15:42:17.519] [INFO] [SERVER] ============================================================
[2025-12-21 15:42:20.600] [INFO] [SERVER] 客户端连接: 0c6732ea-39e8-487e-9fb1-efdd519948fc, 当前连接数: 1
[2025-12-21 15:42:20.602] [INFO] [SERVER] 客户端 0c6732ea-39e8-487e-9fb1-efdd519948fc 订阅了频道: all
[2025-12-21 15:42:22.530] [INFO] [SERVER] 启动自动清理任务，间隔: 24 小时
[2025-12-21 15:44:15.582] [INFO] [SERVER] 客户端断开: 0c6732ea-39e8-487e-9fb1-efdd519948fc, 剩余连接数: 0
[2025-12-21 15:44:16.226] [INFO] [SERVER] 客户端连接: ad8fdfdb-4f5b-4be2-82cf-0ce66840a7a0, 当前连接数: 1
[2025-12-21 15:44:16.227] [INFO] [SERVER] 客户端断开: ad8fdfdb-4f5b-4be2-82cf-0ce66840a7a0, 剩余连接数: 0
[2025-12-21 15:44:16.536] [INFO] [SERVER] 客户端连接: 39933f8a-9211-440b-8aee-2a1d8384b5f8, 当前连接数: 1
[2025-12-21 15:44:16.538] [INFO] [SERVER] 客户端 39933f8a-9211-440b-8aee-2a1d8384b5f8 订阅了频道: all
[2025-12-21 15:45:06.403] [INFO] [SERVER] 客户端断开: 39933f8a-9211-440b-8aee-2a1d8384b5f8, 剩余连接数: 0
[2025-12-21 15:45:07.034] [INFO] [SERVER] 客户端连接: 64b9b7f8-b112-4a33-93cf-e9db4741c952, 当前连接数: 1
[2025-12-21 15:45:07.035] [INFO] [SERVER] 客户端 64b9b7f8-b112-4a33-93cf-e9db4741c952 订阅了频道: all
[2025-12-21 15:45:20.452] [INFO] [SERVER] 客户端断开: 64b9b7f8-b112-4a33-93cf-e9db4741c952, 剩余连接数: 0
[2025-12-21 15:45:48.013] [INFO] [SERVER] 客户端连接: 22061cc2-3e94-4f51-9034-120981398c65, 当前连接数: 1
[2025-12-21 15:45:48.014] [INFO] [SERVER] 客户端 22061cc2-3e94-4f51-9034-120981398c65 订阅了频道: all
[2025-12-21 15:45:49.279] [INFO] [SERVER] 客户端断开: 22061cc2-3e94-4f51-9034-120981398c65, 剩余连接数: 0
[2025-12-21 15:45:50.014] [INFO] [SERVER] 客户端连接: 8ba3baab-85a2-4155-94cc-fcb26000d0c9, 当前连接数: 1
[2025-12-21 15:45:50.023] [INFO] [SERVER] 客户端 8ba3baab-85a2-4155-94cc-fcb26000d0c9 订阅了频道: all
[2025-12-21 15:47:47.469] [INFO] [SERVER] 客户端断开: 8ba3baab-85a2-4155-94cc-fcb26000d0c9, 剩余连接数: 0
[2025-12-21 15:48:44.171] [INFO] [SERVER] 客户端连接: 7636ac54-f73c-4ea6-93f8-1f2ce7841edc, 当前连接数: 1
[2025-12-21 15:48:44.172] [INFO] [SERVER] 客户端 7636ac54-f73c-4ea6-93f8-1f2ce7841edc 订阅了频道: all
[2025-12-21 15:48:44.861] [INFO] [SERVER] 客户端断开: 7636ac54-f73c-4ea6-93f8-1f2ce7841edc, 剩余连接数: 0
[2025-12-21 15:48:45.938] [INFO] [SERVER] 客户端连接: 2a1496d3-aada-4fdd-9afc-312c79a9bc52, 当前连接数: 1
[2025-12-21 15:48:45.939] [INFO] [SERVER] 客户端 2a1496d3-aada-4fdd-9afc-312c79a9bc52 订阅了频道: all
[2025-12-21 15:48:50.072] [INFO] [SERVER] 客户端断开: 2a1496d3-aada-4fdd-9afc-312c79a9bc52, 剩余连接数: 0
[2025-12-21 15:48:51.233] [INFO] [SERVER] 客户端连接: 09f5b763-5eaf-4658-a60a-7751b5041781, 当前连接数: 1
[2025-12-21 15:48:51.234] [INFO] [SERVER] 客户端 09f5b763-5eaf-4658-a60a-7751b5041781 订阅了频道: all
[2025-12-21 15:52:31.640] [INFO] [SERVER] 客户端断开: 09f5b763-5eaf-4658-a60a-7751b5041781, 剩余连接数: 0
[2025-12-21 15:52:32.283] [INFO] [SERVER] 客户端连接: 445ac48a-0113-4cdf-afa8-ddbdca057fa2, 当前连接数: 1
[2025-12-21 15:52:32.284] [INFO] [SERVER] 客户端断开: 445ac48a-0113-4cdf-afa8-ddbdca057fa2, 剩余连接数: 0
[2025-12-21 15:52:32.662] [INFO] [SERVER] 客户端连接: a21227cf-a88d-48c7-86fb-f98b3b476268, 当前连接数: 1
[2025-12-21 15:52:32.665] [INFO] [SERVER] 客户端 a21227cf-a88d-48c7-86fb-f98b3b476268 订阅了频道: all
[2025-12-21 15:55:01.977] [INFO] [SERVER] 客户端断开: a21227cf-a88d-48c7-86fb-f98b3b476268, 剩余连接数: 0
[2025-12-21 15:55:03.043] [INFO] [SERVER] 客户端连接: 99200fb3-cde0-4647-88a5-c39c99fa771a, 当前连接数: 1
[2025-12-21 15:55:03.045] [INFO] [SERVER] 客户端 99200fb3-cde0-4647-88a5-c39c99fa771a 订阅了频道: all
[2025-12-21 15:58:11.146] [INFO] [SERVER] 客户端断开: 99200fb3-cde0-4647-88a5-c39c99fa771a, 剩余连接数: 0
[2025-12-21 15:58:11.795] [INFO] [SERVER] 客户端连接: 2c370048-b514-4329-a71d-2ba230cba2b6, 当前连接数: 1
[2025-12-21 15:58:11.796] [INFO] [SERVER] 客户端断开: 2c370048-b514-4329-a71d-2ba230cba2b6, 剩余连接数: 0
[2025-12-21 15:58:12.172] [INFO] [SERVER] 客户端连接: 31a4d1e5-284e-4c91-948b-f0b68c4bff17, 当前连接数: 1
[2025-12-21 15:58:12.181] [INFO] [SERVER] 客户端 31a4d1e5-284e-4c91-948b-f0b68c4bff17 订阅了频道: all
[2025-12-21 15:58:38.734] [INFO] [SERVER] 客户端断开: 31a4d1e5-284e-4c91-948b-f0b68c4bff17, 剩余连接数: 0
[2025-12-21 15:58:40.209] [INFO] [SERVER] 客户端连接: 90888f8f-87a6-46f0-aee7-504eefda3ce6, 当前连接数: 1
[2025-12-21 15:58:40.210] [INFO] [SERVER] 客户端 90888f8f-87a6-46f0-aee7-504eefda3ce6 订阅了频道: all
[2025-12-21 15:58:45.174] [INFO] [SERVER] 客户端断开: 90888f8f-87a6-46f0-aee7-504eefda3ce6, 剩余连接数: 0
[2025-12-21 15:58:45.823] [INFO] [SERVER] 客户端连接: 5dabc129-7f53-4e2c-ab54-374a9d75da38, 当前连接数: 1
[2025-12-21 15:58:45.824] [INFO] [SERVER] 客户端 5dabc129-7f53-4e2c-ab54-374a9d75da38 订阅了频道: all
[2025-12-21 16:02:24.849] [INFO] [SERVER] 客户端断开: 5dabc129-7f53-4e2c-ab54-374a9d75da38, 剩余连接数: 0
[2025-12-21 16:02:35.915] [INFO] [SERVER] 客户端连接: 800494b1-1f98-4b48-8aa5-0116c3781fde, 当前连接数: 1
[2025-12-21 16:02:35.916] [INFO] [SERVER] 客户端 800494b1-1f98-4b48-8aa5-0116c3781fde 订阅了频道: all
[2025-12-21 16:04:22.068] [INFO] [SERVER] 客户端断开: 800494b1-1f98-4b48-8aa5-0116c3781fde, 剩余连接数: 0
[2025-12-21 16:04:22.707] [INFO] [SERVER] 客户端连接: 1f150926-16cd-4300-8c34-9a983d979624, 当前连接数: 1
[2025-12-21 16:04:22.708] [INFO] [SERVER] 客户端断开: 1f150926-16cd-4300-8c34-9a983d979624, 剩余连接数: 0
[2025-12-21 16:04:23.703] [INFO] [SERVER] 客户端连接: 0e7d8c28-078a-4baf-bbc8-a4b15a2b81e8, 当前连接数: 1
[2025-12-21 16:04:23.704] [INFO] [SERVER] 客户端 0e7d8c28-078a-4baf-bbc8-a4b15a2b81e8 订阅了频道: all
[2025-12-21 16:08:17.312] [INFO] [SERVER] 客户端断开: 0e7d8c28-078a-4baf-bbc8-a4b15a2b81e8, 剩余连接数: 0
[2025-12-21 16:08:17.961] [INFO] [SERVER] 客户端连接: b8969a53-9437-4a9e-bd97-8177b61e7548, 当前连接数: 1
[2025-12-21 16:08:17.962] [INFO] [SERVER] 客户端断开: b8969a53-9437-4a9e-bd97-8177b61e7548, 剩余连接数: 0
[2025-12-21 16:08:18.506] [INFO] [SERVER] 客户端连接: 6283455d-4343-4bef-ad61-968feac0f9f8, 当前连接数: 1
[2025-12-21 16:08:18.506] [INFO] [SERVER] 客户端 6283455d-4343-4bef-ad61-968feac0f9f8 订阅了频道: all
[2025-12-21 16:13:46.959] [INFO] [SERVER] 客户端断开: 6283455d-4343-4bef-ad61-968feac0f9f8, 剩余连接数: 0
[2025-12-21 16:13:47.593] [INFO] [SERVER] 客户端连接: 66d1b822-3bc5-4b86-98c7-7d7bd5014896, 当前连接数: 1
[2025-12-21 16:13:47.594] [INFO] [SERVER] 客户端断开: 66d1b822-3bc5-4b86-98c7-7d7bd5014896, 剩余连接数: 0
[2025-12-21 16:13:48.127] [INFO] [SERVER] 客户端连接: 2f7a8865-8659-41d6-a336-2c7639f8d5b9, 当前连接数: 1
[2025-12-21 16:13:48.128] [INFO] [SERVER] 客户端 2f7a8865-8659-41d6-a336-2c7639f8d5b9 订阅了频道: all
[2025-12-21 16:14:02.021] [INFO] [SERVER] 客户端断开: 2f7a8865-8659-41d6-a336-2c7639f8d5b9, 剩余连接数: 0
[2025-12-21 16:14:17.788] [INFO] [SERVER] 客户端连接: 026c25e9-d98b-42c0-b11d-5a8a6efc24ce, 当前连接数: 1
[2025-12-21 16:14:17.790] [INFO] [SERVER] 客户端 026c25e9-d98b-42c0-b11d-5a8a6efc24ce 订阅了频道: all
[2025-12-21 16:14:17.911] [INFO] [SERVER] 客户端断开: 026c25e9-d98b-42c0-b11d-5a8a6efc24ce, 剩余连接数: 0
[2025-12-21 16:14:18.646] [INFO] [SERVER] 客户端连接: b97d367a-2ebe-4f2d-9f7c-2948d9976c21, 当前连接数: 1
[2025-12-21 16:14:18.647] [INFO] [SERVER] 客户端 b97d367a-2ebe-4f2d-9f7c-2948d9976c21 订阅了频道: all
[2025-12-21 16:14:33.029] [INFO] [SERVER] 客户端断开: b97d367a-2ebe-4f2d-9f7c-2948d9976c21, 剩余连接数: 0
[2025-12-21 16:15:11.119] [INFO] [SERVER] 客户端连接: 369e3dda-9eb1-4ed2-8b62-1d3488f8ec1e, 当前连接数: 1
[2025-12-21 16:15:11.120] [INFO] [SERVER] 客户端 369e3dda-9eb1-4ed2-8b62-1d3488f8ec1e 订阅了频道: all
[2025-12-21 16:15:11.467] [INFO] [SERVER] 客户端断开: 369e3dda-9eb1-4ed2-8b62-1d3488f8ec1e, 剩余连接数: 0
[2025-12-21 16:15:12.317] [INFO] [SERVER] 客户端连接: 04e454b8-465d-4909-b56e-4b73e2ac7e61, 当前连接数: 1
[2025-12-21 16:15:12.319] [INFO] [SERVER] 客户端 04e454b8-465d-4909-b56e-4b73e2ac7e61 订阅了频道: all
[2025-12-21 16:15:22.481] [INFO] [SERVER] 客户端断开: 04e454b8-465d-4909-b56e-4b73e2ac7e61, 剩余连接数: 0
[2025-12-21 16:15:31.482] [INFO] [SERVER] 客户端连接: daa7285d-f9be-4213-8e5a-c4a664e5f265, 当前连接数: 1
[2025-12-21 16:15:31.484] [INFO] [SERVER] 客户端 daa7285d-f9be-4213-8e5a-c4a664e5f265 订阅了频道: all
[2025-12-21 16:15:32.155] [INFO] [SERVER] 客户端断开: daa7285d-f9be-4213-8e5a-c4a664e5f265, 剩余连接数: 0
[2025-12-21 16:15:32.785] [INFO] [SERVER] 客户端连接: c89c3e52-aaa1-4403-870f-6566dfcac1c2, 当前连接数: 1
[2025-12-21 16:15:32.786] [INFO] [SERVER] 客户端 c89c3e52-aaa1-4403-870f-6566dfcac1c2 订阅了频道: all
[2025-12-21 16:17:17.686] [INFO] [SERVER] 客户端断开: c89c3e52-aaa1-4403-870f-6566dfcac1c2, 剩余连接数: 0
[2025-12-21 16:17:20.419] [INFO] [SERVER] 客户端连接: f382657d-a601-4bed-be22-bf9c45f01f5a, 当前连接数: 1
[2025-12-21 16:17:20.420] [INFO] [SERVER] 客户端 f382657d-a601-4bed-be22-bf9c45f01f5a 订阅了频道: all
[2025-12-21 16:17:20.947] [INFO] [SERVER] 客户端断开: f382657d-a601-4bed-be22-bf9c45f01f5a, 剩余连接数: 0
[2025-12-21 16:17:22.378] [INFO] [SERVER] 客户端连接: c4d53e45-96e4-4c8f-a9e1-dfb490b31792, 当前连接数: 1
[2025-12-21 16:17:22.379] [INFO] [SERVER] 客户端 c4d53e45-96e4-4c8f-a9e1-dfb490b31792 订阅了频道: all
[2025-12-21 16:17:30.163] [INFO] [SERVER] 客户端断开: c4d53e45-96e4-4c8f-a9e1-dfb490b31792, 剩余连接数: 0
[2025-12-21 16:17:30.795] [INFO] [SERVER] 客户端连接: 690d3594-1396-4702-89fe-31ab66c792d1, 当前连接数: 1
[2025-12-21 16:17:30.799] [INFO] [SERVER] 客户端断开: 690d3594-1396-4702-89fe-31ab66c792d1, 剩余连接数: 0
[2025-12-21 16:17:31.121] [INFO] [SERVER] 客户端连接: 4c787bea-753f-43b6-9d5a-8b0068ed14fb, 当前连接数: 1
[2025-12-21 16:17:31.121] [INFO] [SERVER] 客户端 4c787bea-753f-43b6-9d5a-8b0068ed14fb 订阅了频道: all
[2025-12-21 16:17:31.359] [INFO] [SERVER] 客户端断开: 4c787bea-753f-43b6-9d5a-8b0068ed14fb, 剩余连接数: 0
[2025-12-21 16:17:32.552] [INFO] [SERVER] 客户端连接: 31e4dcae-be02-49cd-a3a8-aca7c0fa31a9, 当前连接数: 1
[2025-12-21 16:17:32.553] [INFO] [SERVER] 客户端 31e4dcae-be02-49cd-a3a8-aca7c0fa31a9 订阅了频道: all
[2025-12-21 16:17:33.248] [INFO] [SERVER] 客户端断开: 31e4dcae-be02-49cd-a3a8-aca7c0fa31a9, 剩余连接数: 0
[2025-12-21 16:17:34.165] [INFO] [SERVER] 客户端连接: ec70b542-c509-484d-97f2-f0e696223fde, 当前连接数: 1
[2025-12-21 16:17:34.165] [INFO] [SERVER] 客户端 ec70b542-c509-484d-97f2-f0e696223fde 订阅了频道: all
[2025-12-21 16:18:17.536] [INFO] [SERVER] 客户端断开: ec70b542-c509-484d-97f2-f0e696223fde, 剩余连接数: 0
[2025-12-21 16:18:19.288] [INFO] [SERVER] 客户端连接: d2e33557-15ca-4c30-8af7-1f7e09cacb31, 当前连接数: 1
[2025-12-21 16:18:19.294] [INFO] [SERVER] 客户端 d2e33557-15ca-4c30-8af7-1f7e09cacb31 订阅了频道: all
[2025-12-21 16:18:20.986] [INFO] [SERVER] 客户端断开: d2e33557-15ca-4c30-8af7-1f7e09cacb31, 剩余连接数: 0
[2025-12-21 16:18:22.127] [INFO] [SERVER] 客户端连接: 48439fde-fbda-45a1-8edb-9e5ceaae73d0, 当前连接数: 1
[2025-12-21 16:18:22.127] [INFO] [SERVER] 客户端 48439fde-fbda-45a1-8edb-9e5ceaae73d0 订阅了频道: all
[2025-12-21 16:18:25.523] [INFO] [SERVER] 客户端断开: 48439fde-fbda-45a1-8edb-9e5ceaae73d0, 剩余连接数: 0
[2025-12-21 16:21:32.984] [INFO] [SERVER] WebSocket 服务器初始化完成
[2025-12-21 16:21:32.988] [INFO] [SERVER] ============================================================
[2025-12-21 16:21:32.988] [INFO] [SERVER] 服务器启动成功
[2025-12-21 16:21:32.988] [INFO] [SERVER] 端口: 3002
[2025-12-21 16:21:32.988] [INFO] [SERVER] 环境: development
[2025-12-21 16:21:32.989] [INFO] [SERVER] 音乐目录: D:\Projects\music-player\backend\music
[2025-12-21 16:21:32.989] [INFO] [SERVER] 数据库: undefined
[2025-12-21 16:21:32.989] [INFO] [SERVER] 访问地址: http://localhost:3002
[2025-12-21 16:21:32.990] [INFO] [SERVER] ============================================================
[2025-12-21 16:21:35.199] [INFO] [SERVER] 客户端连接: 36c96fb9-1ba0-4a16-b8be-0dbe048e2c4c, 当前连接数: 1
[2025-12-21 16:21:35.201] [INFO] [SERVER] 客户端 36c96fb9-1ba0-4a16-b8be-0dbe048e2c4c 订阅了频道: all
[2025-12-21 16:21:36.475] [INFO] [SERVER] 客户端断开: 36c96fb9-1ba0-4a16-b8be-0dbe048e2c4c, 剩余连接数: 0
[2025-12-21 16:21:37.277] [INFO] [SERVER] 客户端连接: 73c06e04-c1f7-44fb-a560-9a874e4e0a5e, 当前连接数: 1
[2025-12-21 16:21:37.283] [INFO] [SERVER] 客户端 73c06e04-c1f7-44fb-a560-9a874e4e0a5e 订阅了频道: all
[2025-12-21 16:21:37.990] [INFO] [SERVER] 启动自动清理任务，间隔: 24 小时
[2025-12-21 16:21:39.451] [INFO] [SERVER] 客户端断开: 73c06e04-c1f7-44fb-a560-9a874e4e0a5e, 剩余连接数: 0
[2025-12-21 16:21:40.191] [INFO] [SERVER] 客户端连接: 7598288c-d700-4c38-8db7-b6fbdd7a3f7e, 当前连接数: 1
[2025-12-21 16:21:40.197] [INFO] [SERVER] 客户端 7598288c-d700-4c38-8db7-b6fbdd7a3f7e 订阅了频道: all
[2025-12-21 16:25:33.037] [WARN] [SERVER] 客户端心跳超时: 7598288c-d700-4c38-8db7-b6fbdd7a3f7e
[2025-12-21 16:25:34.462] [INFO] [SERVER] 客户端连接: ab20c5d9-6dca-46de-8b5f-c6c63dd2b1f6, 当前连接数: 1
[2025-12-21 16:25:34.463] [INFO] [SERVER] 客户端 ab20c5d9-6dca-46de-8b5f-c6c63dd2b1f6 订阅了频道: all
[2025-12-21 16:36:13.903] [INFO] [SERVER] WebSocket 服务器初始化完成
[2025-12-21 16:36:13.907] [INFO] [SERVER] ============================================================
[2025-12-21 16:36:13.907] [INFO] [SERVER] 服务器启动成功
[2025-12-21 16:36:13.907] [INFO] [SERVER] 端口: 3000
[2025-12-21 16:36:13.908] [INFO] [SERVER] 环境: development
[2025-12-21 16:36:13.908] [INFO] [SERVER] 音乐目录: D:\Projects\music-player\backend\music
[2025-12-21 16:36:13.908] [INFO] [SERVER] 数据库: undefined
[2025-12-21 16:36:13.909] [INFO] [SERVER] 访问地址: http://localhost:3000
[2025-12-21 16:36:13.909] [INFO] [SERVER] ============================================================
[2025-12-21 16:36:18.904] [INFO] [SERVER] 启动自动清理任务，间隔: 24 小时
[2025-12-21 16:36:24.279] [INFO] [SERVER] 客户端连接: 871928e3-7692-44fb-9813-acee393d8ac0, 当前连接数: 1
[2025-12-21 16:36:24.282] [INFO] [SERVER] 客户端 871928e3-7692-44fb-9813-acee393d8ac0 订阅了频道: all
[2025-12-21 16:36:51.218] [INFO] [SERVER] STREAM 1766335011218_eaf071:
[2025-12-21 16:36:51.219] [INFO] [SERVER] STREAM 1766335011218_eaf071:
[2025-12-21 16:36:51.219] [INFO] [SERVER] STREAM 1766335011218_eaf071:
[2025-12-21 16:36:51.220] [INFO] [SERVER] STREAM 1766335011218_eaf071:
[2025-12-21 16:36:51.220] [INFO] [SERVER] STREAM 1766335011218_eaf071:
[2025-12-21 16:36:51.221] [INFO] [SERVER] STREAM 1766335011218_eaf071:
[2025-12-21 16:36:51.260] [INFO] [SERVER] STREAM 1766335011218_eaf071:
[2025-12-21 16:36:51.267] [INFO] [SERVER] STREAM 1766335011267_7bde63:
[2025-12-21 16:36:51.267] [INFO] [SERVER] STREAM 1766335011267_7bde63:
[2025-12-21 16:36:51.268] [INFO] [SERVER] STREAM 1766335011267_7bde63:
[2025-12-21 16:36:51.268] [INFO] [SERVER] STREAM 1766335011267_7bde63:
[2025-12-21 16:36:51.269] [INFO] [SERVER] STREAM 1766335011267_7bde63:
[2025-12-21 16:36:51.269] [INFO] [SERVER] STREAM 1766335011267_7bde63:
[2025-12-21 16:36:51.280] [INFO] [SERVER] STREAM 1766335011267_7bde63:
[2025-12-21 16:36:51.296] [INFO] [SERVER] STREAM 1766335011296_4d24ab:
[2025-12-21 16:36:51.297] [INFO] [SERVER] STREAM 1766335011296_4d24ab:
[2025-12-21 16:36:51.297] [INFO] [SERVER] STREAM 1766335011296_4d24ab:
[2025-12-21 16:36:51.298] [INFO] [SERVER] STREAM 1766335011296_4d24ab:
[2025-12-21 16:36:51.298] [INFO] [SERVER] STREAM 1766335011296_4d24ab:
[2025-12-21 16:36:51.302] [INFO] [SERVER] STREAM 1766335011296_4d24ab:
[2025-12-21 16:37:21.309] [INFO] [SERVER] STREAM 1766335011296_4d24ab:
[2025-12-21 16:37:32.584] [INFO] [SERVER] 正在关闭服务器...
[2025-12-21 16:37:32.586] [INFO] [SERVER] 数据库连接已关闭
[2025-12-21 16:37:42.606] [ERROR] [SERVER] 强制关闭服务器
[2025-12-21 16:37:46.186] [INFO] [SERVER] WebSocket 服务器初始化完成
[2025-12-21 16:37:46.193] [INFO] [SERVER] ============================================================
[2025-12-21 16:37:46.196] [INFO] [SERVER] 服务器启动成功
[2025-12-21 16:37:46.197] [INFO] [SERVER] 端口: 3000
[2025-12-21 16:37:46.198] [INFO] [SERVER] 环境: development
[2025-12-21 16:37:46.199] [INFO] [SERVER] 音乐目录: D:\Projects\music-player\backend\music
[2025-12-21 16:37:46.200] [INFO] [SERVER] 数据库: undefined
[2025-12-21 16:37:46.200] [INFO] [SERVER] 访问地址: http://localhost:3000
[2025-12-21 16:37:46.201] [INFO] [SERVER] ============================================================
[2025-12-21 16:37:51.193] [INFO] [SERVER] 启动自动清理任务，间隔: 24 小时
[2025-12-21 16:40:40.540] [INFO] [SERVER] 正在关闭服务器...
[2025-12-21 16:40:40.542] [INFO] [SERVER] 数据库连接已关闭
[2025-12-21 16:40:40.542] [INFO] [SERVER] 服务器已关闭
[2025-12-21 16:45:10.763] [INFO] [SERVER] WebSocket 服务器初始化完成
[2025-12-21 16:45:10.766] [INFO] [SERVER] ============================================================
[2025-12-21 16:45:10.767] [INFO] [SERVER] 服务器启动成功
[2025-12-21 16:45:10.767] [INFO] [SERVER] 端口: 3000
[2025-12-21 16:45:10.767] [INFO] [SERVER] 环境: development
[2025-12-21 16:45:10.767] [INFO] [SERVER] 音乐目录: D:\Projects\music-player\backend\music
[2025-12-21 16:45:10.768] [INFO] [SERVER] 数据库: undefined
[2025-12-21 16:45:10.768] [INFO] [SERVER] 访问地址: http://localhost:3000
[2025-12-21 16:45:10.768] [INFO] [SERVER] ============================================================
[2025-12-21 16:45:15.778] [INFO] [SERVER] 启动自动清理任务，间隔: 24 小时
[2025-12-21 16:45:16.327] [INFO] [SERVER] 客户端连接: 2726ff27-6420-4c31-8c17-3866ba23e52f, 当前连接数: 1
[2025-12-21 16:45:17.930] [INFO] [SERVER] 客户端断开: 2726ff27-6420-4c31-8c17-3866ba23e52f, 剩余连接数: 0
[2025-12-21 16:45:17.969] [WARN] [SERVER] 404未找到: GET /.well-known/appspecific/com.chrome.devtools.json
[2025-12-21 16:45:18.136] [ERROR] [SERVER] 获取音乐库失败: - dbManager.getFromCache is not a function
[2025-12-21 16:45:18.137] [ERROR] [SERVER] 读取缓存失败: - dbManager.getFromCache is not a function
[2025-12-21 16:45:18.138] [ERROR] [SERVER] 获取每日推荐失败: - dbManager.getDailyRecommendations is not a function
[2025-12-21 16:45:18.139] [WARN] [SERVER] 404未找到: GET /api/stats
[2025-12-21 16:45:19.151] [ERROR] [SERVER] 获取音乐库失败: - dbManager.getFromCache is not a function
[2025-12-21 16:45:19.152] [ERROR] [SERVER] 读取缓存失败: - dbManager.getFromCache is not a function
[2025-12-21 16:45:19.153] [ERROR] [SERVER] 获取每日推荐失败: - dbManager.getDailyRecommendations is not a function
[2025-12-21 16:45:19.154] [WARN] [SERVER] 404未找到: GET /api/stats
[2025-12-21 16:45:19.446] [INFO] [SERVER] 客户端连接: 5c4b5713-b270-490e-b286-74bacca4d4e6, 当前连接数: 1
[2025-12-21 16:45:21.162] [ERROR] [SERVER] 获取音乐库失败: - dbManager.getFromCache is not a function
[2025-12-21 16:45:21.163] [ERROR] [SERVER] 读取缓存失败: - dbManager.getFromCache is not a function
[2025-12-21 16:45:21.164] [ERROR] [SERVER] 获取每日推荐失败: - dbManager.getDailyRecommendations is not a function
[2025-12-21 16:45:21.165] [WARN] [SERVER] 404未找到: GET /api/stats
[2025-12-21 16:45:24.611] [INFO] [SERVER] 客户端断开: 5c4b5713-b270-490e-b286-74bacca4d4e6, 剩余连接数: 0
[2025-12-21 16:45:24.651] [WARN] [SERVER] 404未找到: GET /.well-known/appspecific/com.chrome.devtools.json
[2025-12-21 16:45:24.817] [ERROR] [SERVER] 获取音乐库失败: - dbManager.getFromCache is not a function
[2025-12-21 16:45:24.818] [ERROR] [SERVER] 读取缓存失败: - dbManager.getFromCache is not a function
[2025-12-21 16:45:24.819] [ERROR] [SERVER] 获取每日推荐失败: - dbManager.getDailyRecommendations is not a function
[2025-12-21 16:45:24.820] [WARN] [SERVER] 404未找到: GET /api/stats
[2025-12-21 16:45:25.827] [ERROR] [SERVER] 获取音乐库失败: - dbManager.getFromCache is not a function
[2025-12-21 16:45:25.828] [ERROR] [SERVER] 读取缓存失败: - dbManager.getFromCache is not a function
[2025-12-21 16:45:25.837] [ERROR] [SERVER] 获取每日推荐失败: - dbManager.getDailyRecommendations is not a function
[2025-12-21 16:45:25.838] [WARN] [SERVER] 404未找到: GET /api/stats
[2025-12-21 16:45:26.128] [INFO] [SERVER] 客户端连接: eb15268d-2226-43d6-8962-abc08bd2fb05, 当前连接数: 1
[2025-12-21 16:45:27.836] [ERROR] [SERVER] 获取音乐库失败: - dbManager.getFromCache is not a function
[2025-12-21 16:45:27.837] [ERROR] [SERVER] 读取缓存失败: - dbManager.getFromCache is not a function
[2025-12-21 16:45:27.844] [ERROR] [SERVER] 获取每日推荐失败: - dbManager.getDailyRecommendations is not a function
[2025-12-21 16:45:27.845] [WARN] [SERVER] 404未找到: GET /api/stats
[2025-12-21 16:45:49.456] [INFO] [SERVER] 正在关闭服务器...
[2025-12-21 16:45:49.457] [INFO] [SERVER] WebSocket 服务器已关闭
[2025-12-21 16:45:49.458] [INFO] [SERVER] 数据库连接已关闭
[2025-12-21 16:45:49.459] [INFO] [SERVER] 服务器已关闭
[2025-12-21 16:52:23.173] [INFO] [SERVER] WebSocket 服务器初始化完成
[2025-12-21 16:52:23.176] [INFO] [SERVER] ============================================================
[2025-12-21 16:52:23.177] [INFO] [SERVER] 服务器启动成功
[2025-12-21 16:52:23.177] [INFO] [SERVER] 端口: 3000
[2025-12-21 16:52:23.177] [INFO] [SERVER] 环境: development
[2025-12-21 16:52:23.178] [INFO] [SERVER] 音乐目录: D:\Projects\music-player\backend\music
[2025-12-21 16:52:23.178] [INFO] [SERVER] 数据库: undefined
[2025-12-21 16:52:23.178] [INFO] [SERVER] 访问地址: http://localhost:3000
[2025-12-21 16:52:23.178] [INFO] [SERVER] ============================================================
[2025-12-21 16:52:27.216] [WARN] [SERVER] 404未找到: GET /@vite/client
[2025-12-21 16:52:28.179] [INFO] [SERVER] 启动自动清理任务，间隔: 24 小时
[2025-12-21 16:52:28.656] [INFO] [SERVER] 客户端连接: e365ea23-1335-4c84-bc14-8436440a35dc, 当前连接数: 1
[2025-12-21 16:52:28.657] [INFO] [SERVER] 客户端 e365ea23-1335-4c84-bc14-8436440a35dc 订阅了频道: all
[2025-12-21 16:52:29.267] [INFO] [SERVER] 客户端断开: e365ea23-1335-4c84-bc14-8436440a35dc, 剩余连接数: 0
[2025-12-21 16:52:39.984] [INFO] [SERVER] 客户端连接: 61aab6fe-ce72-4b87-b3c1-0d7f78373f6f, 当前连接数: 1
[2025-12-21 16:52:39.987] [INFO] [SERVER] 客户端 61aab6fe-ce72-4b87-b3c1-0d7f78373f6f 订阅了频道: all
[2025-12-21 16:52:41.325] [INFO] [SERVER] 客户端断开: 61aab6fe-ce72-4b87-b3c1-0d7f78373f6f, 剩余连接数: 0
[2025-12-21 16:52:41.386] [WARN] [SERVER] 404未找到: GET /.well-known/appspecific/com.chrome.devtools.json
[2025-12-21 16:52:42.831] [INFO] [SERVER] 客户端连接: 1066ca2c-6b1c-4a92-9a9b-ed2e2611b034, 当前连接数: 1
[2025-12-21 16:52:42.832] [INFO] [SERVER] 客户端 1066ca2c-6b1c-4a92-9a9b-ed2e2611b034 订阅了频道: all
[2025-12-21 16:57:46.023] [INFO] [SERVER] 客户端断开: 1066ca2c-6b1c-4a92-9a9b-ed2e2611b034, 剩余连接数: 0
[2025-12-21 16:57:46.070] [WARN] [SERVER] 404未找到: GET /.well-known/appspecific/com.chrome.devtools.json
[2025-12-21 16:57:47.548] [INFO] [SERVER] 客户端连接: 5467f503-99fe-4a4d-92e9-b9fed37e05fe, 当前连接数: 1
[2025-12-21 16:57:47.550] [INFO] [SERVER] 客户端 5467f503-99fe-4a4d-92e9-b9fed37e05fe 订阅了频道: all
[2025-12-21 17:02:16.971] [INFO] [SERVER] 客户端断开: 5467f503-99fe-4a4d-92e9-b9fed37e05fe, 剩余连接数: 0
[2025-12-22 02:17:29.643] [INFO] [SERVER] WebSocket 服务器初始化完成
[2025-12-22 02:17:29.648] [INFO] [SERVER] ============================================================
[2025-12-22 02:17:29.648] [INFO] [SERVER] 服务器启动成功
[2025-12-22 02:17:29.649] [INFO] [SERVER] 端口: 3000
[2025-12-22 02:17:29.649] [INFO] [SERVER] 环境: development
[2025-12-22 02:17:29.649] [INFO] [SERVER] 音乐目录: D:\Projects\music-player\backend\music
[2025-12-22 02:17:29.650] [INFO] [SERVER] 数据库: undefined
[2025-12-22 02:17:29.650] [INFO] [SERVER] 访问地址: http://localhost:3000
[2025-12-22 02:17:29.650] [INFO] [SERVER] ============================================================
[2025-12-22 02:17:34.657] [INFO] [SERVER] 启动自动清理任务，间隔: 24 小时
[2025-12-22 02:17:37.055] [INFO] [SERVER] 客户端连接: cdfa465c-c19d-4a17-9c6e-3efe5bf62cff, 当前连接数: 1
[2025-12-22 02:17:37.062] [INFO] [SERVER] 客户端 cdfa465c-c19d-4a17-9c6e-3efe5bf62cff 订阅了频道: all
[2025-12-22 02:17:39.368] [WARN] [SERVER] 404未找到: GET /.well-known/appspecific/com.chrome.devtools.json
[2025-12-22 02:21:29.716] [WARN] [SERVER] 客户端心跳超时: cdfa465c-c19d-4a17-9c6e-3efe5bf62cff
[2025-12-22 02:21:31.458] [INFO] [SERVER] 客户端连接: 6a230528-bc05-43ad-a844-8bfa38b12600, 当前连接数: 1
[2025-12-22 02:21:31.460] [INFO] [SERVER] 客户端 6a230528-bc05-43ad-a844-8bfa38b12600 订阅了频道: all
[2025-12-22 02:25:29.763] [WARN] [SERVER] 客户端心跳超时: 6a230528-bc05-43ad-a844-8bfa38b12600
[2025-12-22 02:25:31.454] [INFO] [SERVER] 客户端连接: 482db462-3017-49bf-baaf-ccff044fddf4, 当前连接数: 1
[2025-12-22 02:25:31.456] [INFO] [SERVER] 客户端 482db462-3017-49bf-baaf-ccff044fddf4 订阅了频道: all
[2025-12-22 02:29:29.824] [WARN] [SERVER] 客户端心跳超时: 482db462-3017-49bf-baaf-ccff044fddf4
[2025-12-22 02:29:31.455] [INFO] [SERVER] 客户端连接: c5bce603-19d3-4715-9a28-aed351566e93, 当前连接数: 1
[2025-12-22 02:29:31.457] [INFO] [SERVER] 客户端 c5bce603-19d3-4715-9a28-aed351566e93 订阅了频道: all
[2025-12-22 02:33:29.895] [WARN] [SERVER] 客户端心跳超时: c5bce603-19d3-4715-9a28-aed351566e93
[2025-12-22 02:33:31.460] [INFO] [SERVER] 客户端连接: c5f2e782-3c68-4f07-b3fd-829e8e92ce5e, 当前连接数: 1
[2025-12-22 02:33:31.462] [INFO] [SERVER] 客户端 c5f2e782-3c68-4f07-b3fd-829e8e92ce5e 订阅了频道: all
[2025-12-22 02:37:29.936] [WARN] [SERVER] 客户端心跳超时: c5f2e782-3c68-4f07-b3fd-829e8e92ce5e
[2025-12-22 02:37:31.450] [INFO] [SERVER] 客户端连接: c831e42b-bf4f-44bf-8d01-1200acfd6eb6, 当前连接数: 1
[2025-12-22 02:37:31.452] [INFO] [SERVER] 客户端 c831e42b-bf4f-44bf-8d01-1200acfd6eb6 订阅了频道: all
[2025-12-22 02:41:29.987] [WARN] [SERVER] 客户端心跳超时: c831e42b-bf4f-44bf-8d01-1200acfd6eb6
[2025-12-22 02:41:31.449] [INFO] [SERVER] 客户端连接: 85e48f17-a430-4aa5-9254-58fc103f7062, 当前连接数: 1
[2025-12-22 02:41:31.451] [INFO] [SERVER] 客户端 85e48f17-a430-4aa5-9254-58fc103f7062 订阅了频道: all
[2025-12-22 02:45:30.036] [WARN] [SERVER] 客户端心跳超时: 85e48f17-a430-4aa5-9254-58fc103f7062
[2025-12-22 02:45:31.452] [INFO] [SERVER] 客户端连接: 5b1d36ed-ecec-4b09-a92e-529b9d1518a5, 当前连接数: 1
[2025-12-22 02:45:31.454] [INFO] [SERVER] 客户端 5b1d36ed-ecec-4b09-a92e-529b9d1518a5 订阅了频道: all
[2025-12-22 02:49:30.084] [WARN] [SERVER] 客户端心跳超时: 5b1d36ed-ecec-4b09-a92e-529b9d1518a5
[2025-12-22 02:49:31.454] [INFO] [SERVER] 客户端连接: f56224ea-8596-4a0f-85de-3bf543e54122, 当前连接数: 1
[2025-12-22 02:49:31.456] [INFO] [SERVER] 客户端 f56224ea-8596-4a0f-85de-3bf543e54122 订阅了频道: all
[2025-12-22 02:53:30.152] [WARN] [SERVER] 客户端心跳超时: f56224ea-8596-4a0f-85de-3bf543e54122
[2025-12-22 02:53:32.445] [INFO] [SERVER] 客户端连接: ba8a62ca-82b1-4ec4-8c20-660ecd33f0a5, 当前连接数: 1
[2025-12-22 02:53:32.447] [INFO] [SERVER] 客户端 ba8a62ca-82b1-4ec4-8c20-660ecd33f0a5 订阅了频道: all
[2025-12-22 02:57:30.227] [WARN] [SERVER] 客户端心跳超时: ba8a62ca-82b1-4ec4-8c20-660ecd33f0a5
[2025-12-22 02:57:32.458] [INFO] [SERVER] 客户端连接: 2d9c5f33-df00-428f-95c8-e0e7e4b2f74a, 当前连接数: 1
[2025-12-22 02:57:32.460] [INFO] [SERVER] 客户端 2d9c5f33-df00-428f-95c8-e0e7e4b2f74a 订阅了频道: all
[2025-12-22 03:01:30.279] [WARN] [SERVER] 客户端心跳超时: 2d9c5f33-df00-428f-95c8-e0e7e4b2f74a
[2025-12-22 03:01:32.459] [INFO] [SERVER] 客户端连接: a1586b55-ef14-4b0a-b0f8-5d9f85284a49, 当前连接数: 1
[2025-12-22 03:01:32.461] [INFO] [SERVER] 客户端 a1586b55-ef14-4b0a-b0f8-5d9f85284a49 订阅了频道: all
[2025-12-22 03:05:30.366] [WARN] [SERVER] 客户端心跳超时: a1586b55-ef14-4b0a-b0f8-5d9f85284a49
[2025-12-22 03:05:32.448] [INFO] [SERVER] 客户端连接: 37ecc501-9746-4778-bec3-9151935b857d, 当前连接数: 1
[2025-12-22 03:05:32.449] [INFO] [SERVER] 客户端 37ecc501-9746-4778-bec3-9151935b857d 订阅了频道: all
[2025-12-22 03:09:30.421] [WARN] [SERVER] 客户端心跳超时: 37ecc501-9746-4778-bec3-9151935b857d
[2025-12-22 03:09:32.445] [INFO] [SERVER] 客户端连接: 1d748999-0ddf-4257-ac2c-56bf09a0bb07, 当前连接数: 1
[2025-12-22 03:09:32.447] [INFO] [SERVER] 客户端 1d748999-0ddf-4257-ac2c-56bf09a0bb07 订阅了频道: all
[2025-12-22 03:13:30.460] [WARN] [SERVER] 客户端心跳超时: 1d748999-0ddf-4257-ac2c-56bf09a0bb07
[2025-12-22 03:13:32.458] [INFO] [SERVER] 客户端连接: 804041bd-ed21-4c15-977a-a2e397859903, 当前连接数: 1
[2025-12-22 03:13:32.459] [INFO] [SERVER] 客户端 804041bd-ed21-4c15-977a-a2e397859903 订阅了频道: all
[2025-12-22 03:15:26.235] [INFO] [SERVER] 正在关闭服务器...
[2025-12-22 03:15:26.237] [INFO] [SERVER] 数据库连接已关闭
[2025-12-22 03:15:26.430] [INFO] [SERVER] 正在关闭服务器...
[2025-12-22 03:15:26.430] [INFO] [SERVER] 数据库连接已关闭
[2025-12-22 03:15:36.249] [ERROR] [SERVER] 强制关闭服务器
[2025-12-22 03:15:40.614] [INFO] [SERVER] WebSocket 服务器初始化完成
[2025-12-22 03:15:40.617] [INFO] [SERVER] ============================================================
[2025-12-22 03:15:40.617] [INFO] [SERVER] 服务器启动成功
[2025-12-22 03:15:40.618] [INFO] [SERVER] 端口: 3000
[2025-12-22 03:15:40.618] [INFO] [SERVER] 环境: development
[2025-12-22 03:15:40.618] [INFO] [SERVER] 音乐目录: D:\Projects\music-player\backend\music
[2025-12-22 03:15:40.618] [INFO] [SERVER] 数据库: undefined
[2025-12-22 03:15:40.619] [INFO] [SERVER] 访问地址: http://localhost:3000
[2025-12-22 03:15:40.619] [INFO] [SERVER] ============================================================
[2025-12-22 03:15:45.627] [INFO] [SERVER] 启动自动清理任务，间隔: 24 小时
[2025-12-22 03:15:59.743] [INFO] [SERVER] 客户端连接: a857ef6a-8912-4048-bf5b-e35ab8b903a9, 当前连接数: 1
[2025-12-22 03:15:59.745] [INFO] [SERVER] 客户端 a857ef6a-8912-4048-bf5b-e35ab8b903a9 订阅了频道: all
[2025-12-22 03:16:00.875] [INFO] [SERVER] 客户端断开: a857ef6a-8912-4048-bf5b-e35ab8b903a9, 剩余连接数: 0
[2025-12-22 03:16:00.918] [WARN] [SERVER] 404未找到: GET /.well-known/appspecific/com.chrome.devtools.json
[2025-12-22 03:16:02.383] [INFO] [SERVER] 客户端连接: a518b22c-0b00-48b2-aa52-48a5df017d05, 当前连接数: 1
[2025-12-22 03:16:02.385] [INFO] [SERVER] 客户端 a518b22c-0b00-48b2-aa52-48a5df017d05 订阅了频道: all
[2025-12-22 03:18:33.306] [INFO] [SERVER] 正在关闭服务器...
[2025-12-22 03:18:33.308] [INFO] [SERVER] 数据库连接已关闭
[2025-12-22 03:18:43.315] [ERROR] [SERVER] 强制关闭服务器
[2025-12-22 03:18:47.417] [INFO] [SERVER] WebSocket 服务器初始化完成
[2025-12-22 03:18:47.421] [INFO] [SERVER] ============================================================
[2025-12-22 03:18:47.421] [INFO] [SERVER] 服务器启动成功
[2025-12-22 03:18:47.421] [INFO] [SERVER] 端口: 3000
[2025-12-22 03:18:47.422] [INFO] [SERVER] 环境: development
[2025-12-22 03:18:47.422] [INFO] [SERVER] 音乐目录: D:\Projects\music-player\backend\music
[2025-12-22 03:18:47.422] [INFO] [SERVER] 数据库: undefined
[2025-12-22 03:18:47.423] [INFO] [SERVER] 访问地址: http://localhost:3000
[2025-12-22 03:18:47.423] [INFO] [SERVER] ============================================================
[2025-12-22 03:18:47.503] [INFO] [SERVER] 客户端连接: 85e43681-3fd3-4d72-96a0-165b2378d4d7, 当前连接数: 1
[2025-12-22 03:18:47.505] [INFO] [SERVER] 客户端 85e43681-3fd3-4d72-96a0-165b2378d4d7 订阅了频道: all
[2025-12-22 03:18:52.427] [INFO] [SERVER] 启动自动清理任务，间隔: 24 小时
[2025-12-22 03:19:39.486] [INFO] [SERVER] 客户端断开: 85e43681-3fd3-4d72-96a0-165b2378d4d7, 剩余连接数: 0
[2025-12-22 03:19:39.831] [WARN] [SERVER] 404未找到: GET /.well-known/appspecific/com.chrome.devtools.json
[2025-12-22 03:19:41.296] [INFO] [SERVER] 客户端连接: 9548eb05-e883-4e65-b643-00278026f483, 当前连接数: 1
[2025-12-22 03:19:41.298] [INFO] [SERVER] 客户端 9548eb05-e883-4e65-b643-00278026f483 订阅了频道: all
[2025-12-22 03:22:20.849] [INFO] [SERVER] 正在关闭服务器...
[2025-12-22 03:22:20.851] [INFO] [SERVER] 数据库连接已关闭
[2025-12-22 03:22:30.856] [ERROR] [SERVER] 强制关闭服务器
[2025-12-22 03:22:38.152] [INFO] [SERVER] WebSocket 服务器初始化完成
[2025-12-22 03:22:38.156] [INFO] [SERVER] ============================================================
[2025-12-22 03:22:38.157] [INFO] [SERVER] 服务器启动成功
[2025-12-22 03:22:38.157] [INFO] [SERVER] 端口: 3000
[2025-12-22 03:22:38.157] [INFO] [SERVER] 环境: development
[2025-12-22 03:22:38.158] [INFO] [SERVER] 音乐目录: D:\Projects\music-player\backend\music
[2025-12-22 03:22:38.158] [INFO] [SERVER] 数据库: undefined
[2025-12-22 03:22:38.158] [INFO] [SERVER] 访问地址: http://localhost:3000
[2025-12-22 03:22:38.158] [INFO] [SERVER] ============================================================
[2025-12-22 03:22:40.884] [INFO] [SERVER] 客户端连接: 6e176a65-fe43-4958-b6ed-176a0a7fa960, 当前连接数: 1
[2025-12-22 03:22:40.887] [INFO] [SERVER] 客户端 6e176a65-fe43-4958-b6ed-176a0a7fa960 订阅了频道: all
[2025-12-22 03:22:42.427] [INFO] [SERVER] 客户端断开: 6e176a65-fe43-4958-b6ed-176a0a7fa960, 剩余连接数: 0
[2025-12-22 03:22:42.467] [WARN] [SERVER] 404未找到: GET /.well-known/appspecific/com.chrome.devtools.json
[2025-12-22 03:22:43.160] [INFO] [SERVER] 启动自动清理任务，间隔: 24 小时
[2025-12-22 03:22:43.943] [INFO] [SERVER] 客户端连接: 1b7eadec-af4c-4594-a02f-8ff424fe0d33, 当前连接数: 1
[2025-12-22 03:22:43.945] [INFO] [SERVER] 客户端 1b7eadec-af4c-4594-a02f-8ff424fe0d33 订阅了频道: all
[2025-12-22 03:26:31.329] [INFO] [SERVER] STREAM 1766373991329_c48096:
[2025-12-22 03:26:31.329] [INFO] [SERVER] STREAM 1766373991329_c48096:
[2025-12-22 03:26:31.330] [INFO] [SERVER] STREAM 1766373991329_c48096:
[2025-12-22 03:26:31.330] [INFO] [SERVER] STREAM 1766373991329_c48096:
[2025-12-22 03:26:31.331] [INFO] [SERVER] STREAM 1766373991329_c48096:
[2025-12-22 03:26:31.332] [INFO] [SERVER] STREAM 1766373991329_c48096:
[2025-12-22 03:26:31.392] [INFO] [SERVER] STREAM 1766373991329_c48096:
[2025-12-22 03:26:31.409] [INFO] [SERVER] STREAM 1766373991408_67d46b:
[2025-12-22 03:26:31.410] [INFO] [SERVER] STREAM 1766373991408_67d46b:
[2025-12-22 03:26:31.410] [INFO] [SERVER] STREAM 1766373991408_67d46b:
[2025-12-22 03:26:31.412] [INFO] [SERVER] STREAM 1766373991408_67d46b:
[2025-12-22 03:26:31.412] [INFO] [SERVER] STREAM 1766373991408_67d46b:
[2025-12-22 03:26:31.413] [INFO] [SERVER] STREAM 1766373991408_67d46b:
[2025-12-22 03:26:31.428] [INFO] [SERVER] STREAM 1766373991408_67d46b:
[2025-12-22 03:26:31.593] [INFO] [SERVER] STREAM 1766373991592_ecf334:
[2025-12-22 03:26:31.593] [INFO] [SERVER] STREAM 1766373991592_ecf334:
[2025-12-22 03:26:31.594] [INFO] [SERVER] STREAM 1766373991592_ecf334:
[2025-12-22 03:26:31.595] [INFO] [SERVER] STREAM 1766373991592_ecf334:
[2025-12-22 03:26:31.595] [INFO] [SERVER] STREAM 1766373991592_ecf334:
[2025-12-22 03:26:31.596] [INFO] [SERVER] STREAM 1766373991592_ecf334:
[2025-12-22 03:27:20.921] [INFO] [SERVER] 开始重新扫描音乐库...
[2025-12-22 03:27:20.922] [INFO] [SERVER] 找到 52 个音频文件
[2025-12-22 03:27:20.924] [INFO] [SERVER] 音乐库扫描完成: 添加 0 首, 更新 0 首, 删除 0 首
[2025-12-22 03:27:34.839] [INFO] [SERVER] STREAM 1766374054839_3ed3cf:
[2025-12-22 03:27:34.840] [INFO] [SERVER] STREAM 1766374054839_3ed3cf:
[2025-12-22 03:27:34.840] [INFO] [SERVER] STREAM 1766374054839_3ed3cf:
[2025-12-22 03:27:34.840] [INFO] [SERVER] STREAM 1766374054839_3ed3cf:
[2025-12-22 03:27:34.841] [INFO] [SERVER] STREAM 1766374054839_3ed3cf:
[2025-12-22 03:27:34.841] [INFO] [SERVER] STREAM 1766374054839_3ed3cf:
[2025-12-22 03:27:34.851] [INFO] [SERVER] STREAM 1766374054839_3ed3cf:
[2025-12-22 03:27:34.858] [INFO] [SERVER] STREAM 1766374054858_ced41c:
[2025-12-22 03:27:34.858] [INFO] [SERVER] STREAM 1766374054858_ced41c:
[2025-12-22 03:27:34.859] [INFO] [SERVER] STREAM 1766374054858_ced41c:
[2025-12-22 03:27:34.859] [INFO] [SERVER] STREAM 1766374054858_ced41c:
[2025-12-22 03:27:34.860] [INFO] [SERVER] STREAM 1766374054858_ced41c:
[2025-12-22 03:27:34.860] [INFO] [SERVER] STREAM 1766374054858_ced41c:
[2025-12-22 03:27:34.888] [INFO] [SERVER] STREAM 1766374054858_ced41c:
[2025-12-22 03:27:35.204] [INFO] [SERVER] STREAM 1766374055203_748a2b:
[2025-12-22 03:27:35.204] [INFO] [SERVER] STREAM 1766374055203_748a2b:
[2025-12-22 03:27:35.205] [INFO] [SERVER] STREAM 1766374055203_748a2b:
[2025-12-22 03:27:35.205] [INFO] [SERVER] STREAM 1766374055203_748a2b:
[2025-12-22 03:27:35.205] [INFO] [SERVER] STREAM 1766374055203_748a2b:
[2025-12-22 03:27:35.208] [INFO] [SERVER] STREAM 1766374055203_748a2b:
[2025-12-22 03:27:49.900] [INFO] [SERVER] STREAM 1766373991592_ecf334:
[2025-12-22 03:27:54.804] [INFO] [SERVER] STREAM 1766374074803_061164:
[2025-12-22 03:27:54.804] [INFO] [SERVER] STREAM 1766374074803_061164:
[2025-12-22 03:27:54.805] [INFO] [SERVER] STREAM 1766374074803_061164:
[2025-12-22 03:27:54.805] [INFO] [SERVER] STREAM 1766374074803_061164:
[2025-12-22 03:27:54.806] [INFO] [SERVER] STREAM 1766374074803_061164:
[2025-12-22 03:27:54.806] [INFO] [SERVER] STREAM 1766374074803_061164:
[2025-12-22 03:27:54.815] [INFO] [SERVER] STREAM 1766374074803_061164:
[2025-12-22 03:27:54.830] [INFO] [SERVER] STREAM 1766374074830_7007ee:
[2025-12-22 03:27:54.831] [INFO] [SERVER] STREAM 1766374074830_7007ee:
[2025-12-22 03:27:54.831] [INFO] [SERVER] STREAM 1766374074830_7007ee:
[2025-12-22 03:27:54.832] [INFO] [SERVER] STREAM 1766374074830_7007ee:
[2025-12-22 03:27:54.832] [INFO] [SERVER] STREAM 1766374074830_7007ee:
[2025-12-22 03:27:54.833] [INFO] [SERVER] STREAM 1766374074830_7007ee:
[2025-12-22 03:27:54.850] [INFO] [SERVER] STREAM 1766374074830_7007ee:
[2025-12-22 03:27:55.166] [INFO] [SERVER] STREAM 1766374075166_80cb77:
[2025-12-22 03:27:55.167] [INFO] [SERVER] STREAM 1766374075166_80cb77:
[2025-12-22 03:27:55.167] [INFO] [SERVER] STREAM 1766374075166_80cb77:
[2025-12-22 03:27:55.168] [INFO] [SERVER] STREAM 1766374075166_80cb77:
[2025-12-22 03:27:55.168] [INFO] [SERVER] STREAM 1766374075166_80cb77:
[2025-12-22 03:27:55.169] [INFO] [SERVER] STREAM 1766374075166_80cb77:
[2025-12-22 03:27:55.176] [INFO] [SERVER] STREAM 1766374075166_80cb77:
[2025-12-22 03:28:14.390] [INFO] [SERVER] STREAM 1766374055203_748a2b:
[2025-12-22 03:28:19.429] [WARN] [SERVER] Lyrics.ovh 获取失败: Lyrics.ovh API错误: timeout of 10000ms exceeded
[2025-12-22 03:28:19.430] [INFO] [SERVER] 从 网易云音乐 成功获取歌词: "昔言 - HITA" - "HITA"
[2025-12-22 03:28:19.437] [INFO] [SERVER] 成功从网络获取并保存歌词: 昔言 - HITA
[2025-12-22 03:28:42.294] [WARN] [SERVER] Lyrics.ovh 获取失败: Lyrics.ovh API错误: timeout of 10000ms exceeded
[2025-12-22 03:28:42.295] [INFO] [SERVER] 从 网易云音乐 成功获取歌词: "昔言 - HITA" - "HITA"
[2025-12-22 03:28:42.297] [INFO] [SERVER] 成功从网络获取并保存歌词: 昔言 - HITA
[2025-12-22 03:28:45.953] [WARN] [SERVER] Lyrics.ovh 获取失败: Lyrics.ovh API错误: timeout of 10000ms exceeded
[2025-12-22 03:28:45.954] [INFO] [SERVER] 从 网易云音乐 成功获取歌词: "昔言 - HITA" - "HITA"
[2025-12-22 03:28:45.956] [INFO] [SERVER] 成功从网络获取并保存歌词: 昔言 - HITA
[2025-12-22 03:29:13.303] [INFO] [SERVER] 正在关闭服务器...
[2025-12-22 03:29:13.318] [INFO] [SERVER] 数据库连接已关闭
[2025-12-22 03:29:13.320] [INFO] [SERVER] 服务器已关闭
[2025-12-22 03:29:19.187] [INFO] [SERVER] WebSocket 服务器初始化完成
[2025-12-22 03:29:19.191] [INFO] [SERVER] ============================================================
[2025-12-22 03:29:19.192] [INFO] [SERVER] 服务器启动成功
[2025-12-22 03:29:19.192] [INFO] [SERVER] 端口: 3000
[2025-12-22 03:29:19.192] [INFO] [SERVER] 环境: development
[2025-12-22 03:29:19.193] [INFO] [SERVER] 音乐目录: D:\Projects\music-player\backend\music
[2025-12-22 03:29:19.193] [INFO] [SERVER] 数据库: undefined
[2025-12-22 03:29:19.193] [INFO] [SERVER] 访问地址: http://localhost:3000
[2025-12-22 03:29:19.194] [INFO] [SERVER] ============================================================
[2025-12-22 03:29:19.680] [INFO] [SERVER] 客户端连接: f7497fc8-21bd-4be2-9b16-496076bf6548, 当前连接数: 1
[2025-12-22 03:29:19.682] [INFO] [SERVER] 客户端 f7497fc8-21bd-4be2-9b16-496076bf6548 订阅了频道: all
[2025-12-22 03:29:24.191] [INFO] [SERVER] 启动自动清理任务，间隔: 24 小时
[2025-12-22 03:30:28.672] [INFO] [SERVER] 正在关闭服务器...
[2025-12-22 03:30:28.673] [INFO] [SERVER] 定时任务已停止
[2025-12-22 03:30:28.674] [INFO] [SERVER] 数据库连接已关闭
[2025-12-22 03:30:28.676] [INFO] [SERVER] HTTP服务器已关闭
[2025-12-22 03:30:43.682] [ERROR] [SERVER] 服务器关闭超时，强制关闭
[2025-12-22 03:31:46.320] [INFO] [SERVER] WebSocket 服务器初始化完成
[2025-12-22 03:31:46.323] [INFO] [SERVER] ============================================================
[2025-12-22 03:31:46.324] [INFO] [SERVER] 服务器启动成功
[2025-12-22 03:31:46.324] [INFO] [SERVER] 端口: 3000
[2025-12-22 03:31:46.324] [INFO] [SERVER] 环境: development
[2025-12-22 03:31:46.325] [INFO] [SERVER] 音乐目录: D:\Projects\music-player\backend\music
[2025-12-22 03:31:46.325] [INFO] [SERVER] 数据库: undefined
[2025-12-22 03:31:46.325] [INFO] [SERVER] 访问地址: http://localhost:3000
[2025-12-22 03:31:46.326] [INFO] [SERVER] ============================================================
[2025-12-22 03:31:51.334] [INFO] [SERVER] 启动自动清理任务，间隔: 24 小时
[2025-12-22 03:31:52.130] [INFO] [SERVER] 客户端连接: d0f99b0e-ef06-49e8-bef4-4d024744bbc1, 当前连接数: 1
[2025-12-22 03:31:52.160] [INFO] [SERVER] 客户端 d0f99b0e-ef06-49e8-bef4-4d024744bbc1 订阅了频道: all
[2025-12-22 03:35:59.620] [INFO] [SERVER] 正在关闭服务器...
[2025-12-22 03:35:59.621] [INFO] [SERVER] 定时任务已停止
[2025-12-22 03:35:59.622] [INFO] [SERVER] 数据库连接已关闭
[2025-12-22 03:36:13.017] [INFO] [SERVER] WebSocket 服务器初始化完成
[2025-12-22 03:36:13.021] [INFO] [SERVER] ============================================================
[2025-12-22 03:36:13.021] [INFO] [SERVER] 服务器启动成功
[2025-12-22 03:36:13.021] [INFO] [SERVER] 端口: 3000
[2025-12-22 03:36:13.021] [INFO] [SERVER] 环境: development
[2025-12-22 03:36:13.022] [INFO] [SERVER] 音乐目录: D:\Projects\music-player\backend\music
[2025-12-22 03:36:13.022] [INFO] [SERVER] 数据库: undefined
[2025-12-22 03:36:13.022] [INFO] [SERVER] 访问地址: http://localhost:3000
[2025-12-22 03:36:13.022] [INFO] [SERVER] ============================================================
[2025-12-22 03:36:14.627] [ERROR] [SERVER] 服务器关闭超时，强制关闭
[2025-12-22 03:36:18.031] [INFO] [SERVER] 启动自动清理任务，间隔: 24 小时
[2025-12-22 03:36:19.182] [WARN] [SERVER] 404未找到: GET /@vite/client
[2025-12-22 03:36:20.580] [INFO] [SERVER] 客户端连接: ef9fa5cf-13e5-4833-bc1a-1d90a938ca8e, 当前连接数: 1
[2025-12-22 03:36:20.582] [INFO] [SERVER] 客户端 ef9fa5cf-13e5-4833-bc1a-1d90a938ca8e 订阅了频道: all
[2025-12-22 03:37:05.918] [INFO] [SERVER] 客户端断开: ef9fa5cf-13e5-4833-bc1a-1d90a938ca8e, 剩余连接数: 0
[2025-12-22 03:37:13.585] [INFO] [SERVER] 客户端连接: e801fb17-d8f0-4fed-9fa0-703a37ae07a6, 当前连接数: 1
[2025-12-22 03:37:13.586] [INFO] [SERVER] 客户端 e801fb17-d8f0-4fed-9fa0-703a37ae07a6 订阅了频道: all
[2025-12-22 03:37:14.794] [INFO] [SERVER] 客户端断开: e801fb17-d8f0-4fed-9fa0-703a37ae07a6, 剩余连接数: 0
[2025-12-22 03:37:16.310] [INFO] [SERVER] 客户端连接: 1360307e-6898-40a7-a86d-b78ebfc8d978, 当前连接数: 1
[2025-12-22 03:37:16.320] [INFO] [SERVER] 客户端 1360307e-6898-40a7-a86d-b78ebfc8d978 订阅了频道: all
[2025-12-22 03:41:13.063] [WARN] [SERVER] 客户端心跳超时: 1360307e-6898-40a7-a86d-b78ebfc8d978
[2025-12-22 03:41:14.455] [INFO] [SERVER] 客户端连接: 58c3dc87-5a85-40a7-b34e-39bfe16024ed, 当前连接数: 1
[2025-12-22 03:41:14.457] [INFO] [SERVER] 客户端 58c3dc87-5a85-40a7-b34e-39bfe16024ed 订阅了频道: all
[2025-12-22 03:45:13.120] [WARN] [SERVER] 客户端心跳超时: 58c3dc87-5a85-40a7-b34e-39bfe16024ed
[2025-12-22 03:45:14.458] [INFO] [SERVER] 客户端连接: b566d151-7a26-4f1d-a479-4caaecc9c935, 当前连接数: 1
[2025-12-22 03:45:14.460] [INFO] [SERVER] 客户端 b566d151-7a26-4f1d-a479-4caaecc9c935 订阅了频道: all
[2025-12-22 03:49:13.182] [WARN] [SERVER] 客户端心跳超时: b566d151-7a26-4f1d-a479-4caaecc9c935
[2025-12-22 03:49:15.450] [INFO] [SERVER] 客户端连接: 2c691c8e-eedf-4525-8e66-17c2bc63c8aa, 当前连接数: 1
[2025-12-22 03:49:15.451] [INFO] [SERVER] 客户端 2c691c8e-eedf-4525-8e66-17c2bc63c8aa 订阅了频道: all
[2025-12-22 03:53:13.245] [WARN] [SERVER] 客户端心跳超时: 2c691c8e-eedf-4525-8e66-17c2bc63c8aa
[2025-12-22 03:53:15.453] [INFO] [SERVER] 客户端连接: 7c23315d-aaaa-4814-a1f9-fa1d005a8cc3, 当前连接数: 1
[2025-12-22 03:53:15.455] [INFO] [SERVER] 客户端 7c23315d-aaaa-4814-a1f9-fa1d005a8cc3 订阅了频道: all
[2025-12-22 03:57:13.309] [WARN] [SERVER] 客户端心跳超时: 7c23315d-aaaa-4814-a1f9-fa1d005a8cc3
[2025-12-22 03:57:15.454] [INFO] [SERVER] 客户端连接: b3b79fc3-33dc-43cf-bc10-d2eed2a3c34f, 当前连接数: 1
[2025-12-22 03:57:15.456] [INFO] [SERVER] 客户端 b3b79fc3-33dc-43cf-bc10-d2eed2a3c34f 订阅了频道: all
[2025-12-22 04:01:13.371] [WARN] [SERVER] 客户端心跳超时: b3b79fc3-33dc-43cf-bc10-d2eed2a3c34f
[2025-12-22 04:01:15.462] [INFO] [SERVER] 客户端连接: 38d98dec-b516-4136-9d54-cb0b7d9853dd, 当前连接数: 1
[2025-12-22 04:01:15.464] [INFO] [SERVER] 客户端 38d98dec-b516-4136-9d54-cb0b7d9853dd 订阅了频道: all
[2025-12-22 04:03:14.937] [INFO] [SERVER] WebSocket 服务器初始化完成
[2025-12-22 04:03:14.941] [ERROR] [SERVER] WebSocket 服务器错误: - listen EADDRINUSE: address already in use 0.0.0.0:3000
[2025-12-22 04:03:19.951] [INFO] [SERVER] 启动自动清理任务，间隔: 24 小时
[2025-12-22 04:05:13.412] [WARN] [SERVER] 客户端心跳超时: 38d98dec-b516-4136-9d54-cb0b7d9853dd
[2025-12-22 04:05:15.452] [INFO] [SERVER] 客户端连接: de9e6496-6120-4507-9fe1-653ba37d82e9, 当前连接数: 1
[2025-12-22 04:05:15.453] [INFO] [SERVER] 客户端 de9e6496-6120-4507-9fe1-653ba37d82e9 订阅了频道: all
[2025-12-22 04:05:54.254] [INFO] [SERVER] WebSocket 服务器初始化完成
[2025-12-22 04:05:54.258] [INFO] [SERVER] ============================================================
[2025-12-22 04:05:54.258] [INFO] [SERVER] 服务器启动成功
[2025-12-22 04:05:54.258] [INFO] [SERVER] 端口: 3000
[2025-12-22 04:05:54.259] [INFO] [SERVER] 环境: development
[2025-12-22 04:05:54.259] [INFO] [SERVER] 音乐目录: D:\Projects\music-player\backend\music
[2025-12-22 04:05:54.259] [INFO] [SERVER] 数据库: undefined
[2025-12-22 04:05:54.259] [INFO] [SERVER] 访问地址: http://localhost:3000
[2025-12-22 04:05:54.260] [INFO] [SERVER] ============================================================
[2025-12-22 04:05:59.257] [INFO] [SERVER] 启动自动清理任务，间隔: 24 小时
[2025-12-22 04:06:00.449] [INFO] [SERVER] 客户端连接: da97e9d9-6f79-44e8-9fd3-0d9729668672, 当前连接数: 1
[2025-12-22 04:06:00.452] [INFO] [SERVER] 客户端 da97e9d9-6f79-44e8-9fd3-0d9729668672 订阅了频道: all
[2025-12-22 04:17:38.484] [INFO] [SERVER] 正在关闭服务器...
[2025-12-22 04:17:38.485] [INFO] [SERVER] 定时任务已停止
[2025-12-22 04:17:38.486] [INFO] [SERVER] 数据库连接已关闭
[2025-12-22 04:17:49.145] [INFO] [SERVER] HTTP服务器已关闭
[2025-12-22 04:17:53.493] [ERROR] [SERVER] 服务器关闭超时，强制关闭
[2025-12-22 04:18:43.555] [INFO] [SERVER] 正在关闭服务器...
[2025-12-22 04:18:43.556] [INFO] [SERVER] 定时任务已停止
[2025-12-22 04:18:43.558] [INFO] [SERVER] 数据库连接已关闭
[2025-12-22 04:18:43.559] [ERROR] [SERVER] 关闭HTTP服务器时出错: - Server is not running.
[2025-12-22 04:18:44.249] [INFO] [SERVER] WebSocket 服务器初始化完成
[2025-12-22 04:18:44.253] [INFO] [SERVER] ============================================================
[2025-12-22 04:18:44.253] [INFO] [SERVER] 服务器启动成功
[2025-12-22 04:18:44.253] [INFO] [SERVER] 端口: 3000
[2025-12-22 04:18:44.253] [INFO] [SERVER] 环境: development
[2025-12-22 04:18:44.254] [INFO] [SERVER] 音乐目录: D:\Projects\music-player\backend\music
[2025-12-22 04:18:44.254] [INFO] [SERVER] 数据库: undefined
[2025-12-22 04:18:44.254] [INFO] [SERVER] 访问地址: http://localhost:3000
[2025-12-22 04:18:44.255] [INFO] [SERVER] ============================================================
[2025-12-22 04:18:49.253] [INFO] [SERVER] 启动自动清理任务，间隔: 24 小时
[2025-12-22 04:18:58.572] [ERROR] [SERVER] 服务器关闭超时，强制关闭
[2025-12-22 04:19:07.841] [WARN] [SERVER] 404未找到: GET /@vite/client
[2025-12-22 04:19:09.258] [INFO] [SERVER] 客户端连接: ef5b9040-682b-4687-9d25-caac2f6403bf, 当前连接数: 1
[2025-12-22 04:19:09.356] [INFO] [SERVER] 客户端 ef5b9040-682b-4687-9d25-caac2f6403bf 订阅了频道: all
[2025-12-22 04:29:33.738] [INFO] [SERVER] 客户端断开: ef5b9040-682b-4687-9d25-caac2f6403bf, 剩余连接数: 0
[2025-12-22 04:30:11.361] [INFO] [SERVER] WebSocket 服务器初始化完成
[2025-12-22 04:30:11.365] [INFO] [SERVER] ============================================================
[2025-12-22 04:30:11.365] [INFO] [SERVER] 服务器启动成功
[2025-12-22 04:30:11.365] [INFO] [SERVER] 端口: 3000
[2025-12-22 04:30:11.365] [INFO] [SERVER] 环境: development
[2025-12-22 04:30:11.366] [INFO] [SERVER] 音乐目录: D:\Projects\music-player\backend\music
[2025-12-22 04:30:11.366] [INFO] [SERVER] 数据库: undefined
[2025-12-22 04:30:11.366] [INFO] [SERVER] 访问地址: http://localhost:3000
[2025-12-22 04:30:11.367] [INFO] [SERVER] ============================================================
[2025-12-22 04:30:16.366] [INFO] [SERVER] 启动自动清理任务，间隔: 24 小时
[2025-12-22 04:32:29.124] [INFO] [SERVER] 客户端连接: f9c4a8a1-c298-4917-b829-292c5198f5a8, 当前连接数: 1
[2025-12-22 04:32:29.126] [INFO] [SERVER] 客户端 f9c4a8a1-c298-4917-b829-292c5198f5a8 订阅了频道: all
[2025-12-22 04:32:44.332] [INFO] [SERVER] 客户端断开: f9c4a8a1-c298-4917-b829-292c5198f5a8, 剩余连接数: 0
[2025-12-22 04:32:44.682] [INFO] [SERVER] 客户端连接: b024327b-a087-4d5b-9a63-28871dca619e, 当前连接数: 1
[2025-12-22 04:32:44.686] [INFO] [SERVER] 客户端 b024327b-a087-4d5b-9a63-28871dca619e 订阅了频道: all
[2025-12-22 04:32:48.979] [INFO] [SERVER] 客户端断开: b024327b-a087-4d5b-9a63-28871dca619e, 剩余连接数: 0
[2025-12-22 04:32:50.495] [INFO] [SERVER] 客户端连接: d4295c12-6fbe-4b53-8718-396ea1e7c661, 当前连接数: 1
[2025-12-22 04:32:50.497] [INFO] [SERVER] 客户端 d4295c12-6fbe-4b53-8718-396ea1e7c661 订阅了频道: all
[2025-12-22 04:34:32.965] [INFO] [SERVER] 正在关闭服务器...
[2025-12-22 04:34:32.966] [INFO] [SERVER] 定时任务已停止
[2025-12-22 04:34:32.967] [INFO] [SERVER] 数据库连接已关闭
[2025-12-22 04:34:46.138] [INFO] [SERVER] WebSocket 服务器初始化完成
[2025-12-22 04:34:46.141] [INFO] [SERVER] ============================================================
[2025-12-22 04:34:46.142] [INFO] [SERVER] 服务器启动成功
[2025-12-22 04:34:46.142] [INFO] [SERVER] 端口: 3000
[2025-12-22 04:34:46.142] [INFO] [SERVER] 环境: development
[2025-12-22 04:34:46.143] [INFO] [SERVER] 音乐目录: D:\Projects\music-player\backend\music
[2025-12-22 04:34:46.143] [INFO] [SERVER] 数据库: undefined
[2025-12-22 04:34:46.143] [INFO] [SERVER] 访问地址: http://localhost:3000
[2025-12-22 04:34:46.144] [INFO] [SERVER] ============================================================
[2025-12-22 04:34:47.978] [ERROR] [SERVER] 服务器关闭超时，强制关闭
[2025-12-22 04:34:51.151] [INFO] [SERVER] 启动自动清理任务，间隔: 24 小时
[2025-12-22 04:34:54.205] [INFO] [SERVER] 客户端连接: fc54a7f3-460d-45fc-9e59-9b2a0dd816d8, 当前连接数: 1
[2025-12-22 04:34:54.206] [INFO] [SERVER] 客户端 fc54a7f3-460d-45fc-9e59-9b2a0dd816d8 订阅了频道: all
[2025-12-22 04:34:55.830] [INFO] [SERVER] 客户端断开: fc54a7f3-460d-45fc-9e59-9b2a0dd816d8, 剩余连接数: 0
[2025-12-22 04:34:57.358] [INFO] [SERVER] 客户端连接: 82e78229-eb3e-4f9e-9c1e-6f25f388b77b, 当前连接数: 1
[2025-12-22 04:34:57.360] [INFO] [SERVER] 客户端 82e78229-eb3e-4f9e-9c1e-6f25f388b77b 订阅了频道: all
[2025-12-22 04:36:52.383] [INFO] [SERVER] STREAM 1766378212383_f650bd:
[2025-12-22 04:36:52.384] [INFO] [SERVER] STREAM 1766378212383_f650bd:
[2025-12-22 04:36:52.384] [INFO] [SERVER] STREAM 1766378212383_f650bd:
[2025-12-22 04:36:52.384] [INFO] [SERVER] STREAM 1766378212383_f650bd:
[2025-12-22 04:36:52.385] [INFO] [SERVER] STREAM 1766378212383_f650bd:
[2025-12-22 04:36:52.386] [INFO] [SERVER] STREAM 1766378212383_f650bd:
[2025-12-22 04:36:52.391] [INFO] [SERVER] STREAM 1766378212383_f650bd:
[2025-12-22 04:36:52.401] [INFO] [SERVER] STREAM 1766378212400_04b663:
[2025-12-22 04:36:52.401] [INFO] [SERVER] STREAM 1766378212400_04b663:
[2025-12-22 04:36:52.402] [INFO] [SERVER] STREAM 1766378212400_04b663:
[2025-12-22 04:36:52.402] [INFO] [SERVER] STREAM 1766378212400_04b663:
[2025-12-22 04:36:52.403] [INFO] [SERVER] STREAM 1766378212400_04b663:
[2025-12-22 04:36:52.403] [INFO] [SERVER] STREAM 1766378212400_04b663:
[2025-12-22 04:36:52.422] [INFO] [SERVER] STREAM 1766378212400_04b663:
[2025-12-22 04:36:52.440] [INFO] [SERVER] STREAM 1766378212440_25a207:
[2025-12-22 04:36:52.440] [INFO] [SERVER] STREAM 1766378212440_25a207:
[2025-12-22 04:36:52.441] [INFO] [SERVER] STREAM 1766378212440_25a207:
[2025-12-22 04:36:52.442] [INFO] [SERVER] STREAM 1766378212440_25a207:
[2025-12-22 04:36:52.442] [INFO] [SERVER] STREAM 1766378212440_25a207:
[2025-12-22 04:36:52.443] [INFO] [SERVER] STREAM 1766378212440_25a207:
[2025-12-22 04:36:52.460] [INFO] [SERVER] STREAM 1766378212440_25a207:
[2025-12-22 04:40:19.613] [INFO] [SERVER] STREAM 1766378419612_8972a9:
[2025-12-22 04:40:19.613] [INFO] [SERVER] STREAM 1766378419612_8972a9:
[2025-12-22 04:40:19.614] [INFO] [SERVER] STREAM 1766378419612_8972a9:
[2025-12-22 04:40:19.614] [INFO] [SERVER] STREAM 1766378419612_8972a9:
[2025-12-22 04:40:19.614] [INFO] [SERVER] STREAM 1766378419612_8972a9:
[2025-12-22 04:40:19.615] [INFO] [SERVER] STREAM 1766378419612_8972a9:
[2025-12-22 04:40:19.622] [INFO] [SERVER] STREAM 1766378419612_8972a9:
[2025-12-22 04:40:19.634] [INFO] [SERVER] STREAM 1766378419634_6524bd:
[2025-12-22 04:40:19.635] [INFO] [SERVER] STREAM 1766378419634_6524bd:
[2025-12-22 04:40:19.635] [INFO] [SERVER] STREAM 1766378419634_6524bd:
[2025-12-22 04:40:19.636] [INFO] [SERVER] STREAM 1766378419634_6524bd:
[2025-12-22 04:40:19.636] [INFO] [SERVER] STREAM 1766378419634_6524bd:
[2025-12-22 04:40:19.636] [INFO] [SERVER] STREAM 1766378419634_6524bd:
[2025-12-22 04:40:19.648] [INFO] [SERVER] STREAM 1766378419634_6524bd:
[2025-12-22 04:40:19.967] [INFO] [SERVER] STREAM 1766378419967_74dd11:
[2025-12-22 04:40:19.967] [INFO] [SERVER] STREAM 1766378419967_74dd11:
[2025-12-22 04:40:19.968] [INFO] [SERVER] STREAM 1766378419967_74dd11:
[2025-12-22 04:40:19.968] [INFO] [SERVER] STREAM 1766378419967_74dd11:
[2025-12-22 04:40:19.969] [INFO] [SERVER] STREAM 1766378419967_74dd11:
[2025-12-22 04:40:19.970] [INFO] [SERVER] STREAM 1766378419967_74dd11:
[2025-12-22 04:40:19.981] [INFO] [SERVER] STREAM 1766378419967_74dd11:
[2025-12-22 04:40:55.025] [INFO] [SERVER] 正在关闭服务器...
[2025-12-22 04:40:55.026] [INFO] [SERVER] 定时任务已停止
[2025-12-22 04:40:55.027] [INFO] [SERVER] 数据库连接已关闭
[2025-12-22 04:41:02.039] [INFO] [SERVER] HTTP服务器已关闭
[2025-12-22 04:41:10.030] [ERROR] [SERVER] 服务器关闭超时，强制关闭
[2025-12-22 04:42:07.860] [INFO] [SERVER] WebSocket 服务器初始化完成
[2025-12-22 04:42:07.864] [INFO] [SERVER] ============================================================
[2025-12-22 04:42:07.864] [INFO] [SERVER] 服务器启动成功
[2025-12-22 04:42:07.864] [INFO] [SERVER] 端口: 3000
[2025-12-22 04:42:07.865] [INFO] [SERVER] 环境: development
[2025-12-22 04:42:07.865] [INFO] [SERVER] 音乐目录: D:\Projects\music-player\backend\music
[2025-12-22 04:42:07.865] [INFO] [SERVER] 数据库: undefined
[2025-12-22 04:42:07.866] [INFO] [SERVER] 访问地址: http://localhost:3000
[2025-12-22 04:42:07.866] [INFO] [SERVER] ============================================================
[2025-12-22 04:42:09.172] [INFO] [SERVER] 客户端连接: 540060fa-8666-4052-8dc6-15ef99200e11, 当前连接数: 1
[2025-12-22 04:42:09.174] [INFO] [SERVER] 客户端 540060fa-8666-4052-8dc6-15ef99200e11 订阅了频道: all
[2025-12-22 04:42:12.862] [INFO] [SERVER] 启动自动清理任务，间隔: 24 小时
[2025-12-22 04:45:01.706] [INFO] [SERVER] STREAM 1766378701706_aa4cf2:
[2025-12-22 04:45:01.707] [INFO] [SERVER] STREAM 1766378701706_aa4cf2:
[2025-12-22 04:45:01.707] [INFO] [SERVER] STREAM 1766378701706_aa4cf2:
[2025-12-22 04:45:01.708] [INFO] [SERVER] STREAM 1766378701706_aa4cf2:
[2025-12-22 04:45:01.708] [INFO] [SERVER] STREAM 1766378701706_aa4cf2:
[2025-12-22 04:45:01.709] [INFO] [SERVER] STREAM 1766378701706_aa4cf2:
[2025-12-22 04:45:01.720] [INFO] [SERVER] STREAM 1766378701706_aa4cf2:
[2025-12-22 04:45:01.728] [INFO] [SERVER] STREAM 1766378701728_5a3484:
[2025-12-22 04:45:01.728] [INFO] [SERVER] STREAM 1766378701728_5a3484:
[2025-12-22 04:45:01.729] [INFO] [SERVER] STREAM 1766378701728_5a3484:
[2025-12-22 04:45:01.729] [INFO] [SERVER] STREAM 1766378701728_5a3484:
[2025-12-22 04:45:01.730] [INFO] [SERVER] STREAM 1766378701728_5a3484:
[2025-12-22 04:45:01.731] [INFO] [SERVER] STREAM 1766378701728_5a3484:
[2025-12-22 04:45:01.760] [INFO] [SERVER] STREAM 1766378701728_5a3484:
[2025-12-22 04:45:01.772] [INFO] [SERVER] STREAM 1766378701772_db8372:
[2025-12-22 04:45:01.773] [INFO] [SERVER] STREAM 1766378701772_db8372:
[2025-12-22 04:45:01.773] [INFO] [SERVER] STREAM 1766378701772_db8372:
[2025-12-22 04:45:01.773] [INFO] [SERVER] STREAM 1766378701772_db8372:
[2025-12-22 04:45:01.774] [INFO] [SERVER] STREAM 1766378701772_db8372:
[2025-12-22 04:45:01.775] [INFO] [SERVER] STREAM 1766378701772_db8372:
[2025-12-22 04:45:01.778] [INFO] [SERVER] STREAM 1766378701772_db8372:
[2025-12-22 04:45:19.880] [WARN] [SERVER] Lyrics.ovh 获取失败: 歌词不存在
[2025-12-22 04:45:19.880] [INFO] [SERVER] 从 网易云音乐 成功获取歌词: "忘尘 - 黄龄" - "黄龄"
[2025-12-22 04:45:19.895] [INFO] [SERVER] 成功从网络获取并保存歌词: 忘尘 - 黄龄
[2025-12-22 04:45:20.372] [INFO] [SERVER] WebSocket 服务器初始化完成
[2025-12-22 04:45:20.376] [INFO] [SERVER] ============================================================
[2025-12-22 04:45:20.376] [INFO] [SERVER] 服务器启动成功
[2025-12-22 04:45:20.376] [INFO] [SERVER] 端口: 3000
[2025-12-22 04:45:20.376] [INFO] [SERVER] 环境: development
[2025-12-22 04:45:20.377] [INFO] [SERVER] 音乐目录: D:\Projects\music-player\backend\music
[2025-12-22 04:45:20.377] [INFO] [SERVER] 数据库: undefined
[2025-12-22 04:45:20.377] [INFO] [SERVER] 访问地址: http://localhost:3000
[2025-12-22 04:45:20.378] [INFO] [SERVER] ============================================================
[2025-12-22 04:45:21.397] [INFO] [SERVER] 客户端连接: 2497947e-a75a-4bb7-97b7-6160c780029d, 当前连接数: 1
[2025-12-22 04:45:21.400] [INFO] [SERVER] 客户端 2497947e-a75a-4bb7-97b7-6160c780029d 订阅了频道: all
[2025-12-22 04:45:25.375] [INFO] [SERVER] 启动自动清理任务，间隔: 24 小时
[2025-12-22 04:47:40.444] [INFO] [SERVER] STREAM 1766378860444_b2d2d5:
[2025-12-22 04:47:40.445] [INFO] [SERVER] STREAM 1766378860444_b2d2d5:
[2025-12-22 04:47:40.445] [INFO] [SERVER] STREAM 1766378860444_b2d2d5:
[2025-12-22 04:47:40.446] [INFO] [SERVER] STREAM 1766378860444_b2d2d5:
[2025-12-22 04:47:40.446] [INFO] [SERVER] STREAM 1766378860444_b2d2d5:
[2025-12-22 04:47:40.447] [INFO] [SERVER] STREAM 1766378860444_b2d2d5:
[2025-12-22 04:47:40.455] [INFO] [SERVER] STREAM 1766378860444_b2d2d5:
[2025-12-22 04:47:40.462] [INFO] [SERVER] STREAM 1766378860462_8cd06b:
[2025-12-22 04:47:40.463] [INFO] [SERVER] STREAM 1766378860462_8cd06b:
[2025-12-22 04:47:40.463] [INFO] [SERVER] STREAM 1766378860462_8cd06b:
[2025-12-22 04:47:40.463] [INFO] [SERVER] STREAM 1766378860462_8cd06b:
[2025-12-22 04:47:40.464] [INFO] [SERVER] STREAM 1766378860462_8cd06b:
[2025-12-22 04:47:40.464] [INFO] [SERVER] STREAM 1766378860462_8cd06b:
[2025-12-22 04:47:40.476] [INFO] [SERVER] STREAM 1766378860462_8cd06b:
[2025-12-22 04:47:40.797] [INFO] [SERVER] STREAM 1766378860797_908c9d:
[2025-12-22 04:47:40.798] [INFO] [SERVER] STREAM 1766378860797_908c9d:
[2025-12-22 04:47:40.798] [INFO] [SERVER] STREAM 1766378860797_908c9d:
[2025-12-22 04:47:40.798] [INFO] [SERVER] STREAM 1766378860797_908c9d:
[2025-12-22 04:47:40.799] [INFO] [SERVER] STREAM 1766378860797_908c9d:
[2025-12-22 04:47:40.799] [INFO] [SERVER] STREAM 1766378860797_908c9d:
[2025-12-22 04:47:40.807] [INFO] [SERVER] STREAM 1766378860797_908c9d:
[2025-12-22 04:48:09.994] [WARN] [SERVER] Lyrics.ovh 获取失败: Lyrics.ovh API错误: timeout of 10000ms exceeded
[2025-12-22 04:48:09.995] [INFO] [SERVER] 从 网易云音乐 成功获取歌词: "桃花浅浅 - 清莞" - "清莞"
[2025-12-22 04:48:09.998] [INFO] [SERVER] 成功从网络获取并保存歌词: 桃花浅浅 - 清莞
[2025-12-22 04:48:10.475] [INFO] [SERVER] WebSocket 服务器初始化完成
[2025-12-22 04:48:10.479] [INFO] [SERVER] ============================================================
[2025-12-22 04:48:10.479] [INFO] [SERVER] 服务器启动成功
[2025-12-22 04:48:10.479] [INFO] [SERVER] 端口: 3000
[2025-12-22 04:48:10.480] [INFO] [SERVER] 环境: development
[2025-12-22 04:48:10.480] [INFO] [SERVER] 音乐目录: D:\Projects\music-player\backend\music
[2025-12-22 04:48:10.480] [INFO] [SERVER] 数据库: undefined
[2025-12-22 04:48:10.481] [INFO] [SERVER] 访问地址: http://localhost:3000
[2025-12-22 04:48:10.481] [INFO] [SERVER] ============================================================
[2025-12-22 04:48:11.461] [INFO] [SERVER] 客户端连接: 57efffdc-f1dd-462a-9ae8-aaa59c023067, 当前连接数: 1
[2025-12-22 04:48:11.463] [INFO] [SERVER] 客户端 57efffdc-f1dd-462a-9ae8-aaa59c023067 订阅了频道: all
[2025-12-22 04:48:15.476] [INFO] [SERVER] 启动自动清理任务，间隔: 24 小时
[2025-12-22 04:49:46.867] [INFO] [SERVER] 客户端连接: 23e000d7-7a03-4cd9-871d-90fd689e8d10, 当前连接数: 2
[2025-12-22 04:49:46.869] [INFO] [SERVER] 客户端 23e000d7-7a03-4cd9-871d-90fd689e8d10 订阅了频道: all
[2025-12-22 04:50:15.110] [INFO] [SERVER] 客户端断开: 23e000d7-7a03-4cd9-871d-90fd689e8d10, 剩余连接数: 1
[2025-12-22 04:50:19.099] [INFO] [SERVER] 客户端断开: 57efffdc-f1dd-462a-9ae8-aaa59c023067, 剩余连接数: 0
[2025-12-22 04:50:20.611] [INFO] [SERVER] 客户端连接: a2e9cb4a-f90a-4583-a20a-23b740a269ff, 当前连接数: 1
[2025-12-22 04:50:20.613] [INFO] [SERVER] 客户端 a2e9cb4a-f90a-4583-a20a-23b740a269ff 订阅了频道: all
[2025-12-22 04:50:26.183] [WARN] [SERVER] 404未找到: GET /@vite/client
[2025-12-22 04:50:27.612] [INFO] [SERVER] 客户端连接: 5b2201d0-2777-4679-ab7d-63956af447f4, 当前连接数: 2
[2025-12-22 04:50:27.626] [INFO] [SERVER] 客户端 5b2201d0-2777-4679-ab7d-63956af447f4 订阅了频道: all
[2025-12-22 04:50:58.118] [INFO] [SERVER] 客户端断开: 5b2201d0-2777-4679-ab7d-63956af447f4, 剩余连接数: 1
[2025-12-22 04:50:59.205] [WARN] [SERVER] 404未找到: GET /@vite/client
[2025-12-22 04:51:00.184] [INFO] [SERVER] 客户端连接: 42901b28-fa60-4060-9700-b4787d4f9252, 当前连接数: 2
[2025-12-22 04:51:00.185] [INFO] [SERVER] 客户端 42901b28-fa60-4060-9700-b4787d4f9252 订阅了频道: all
[2025-12-22 04:53:32.703] [INFO] [SERVER] 客户端断开: 42901b28-fa60-4060-9700-b4787d4f9252, 剩余连接数: 1
[2025-12-22 04:53:32.975] [WARN] [SERVER] 404未找到: GET /@vite/client
[2025-12-22 04:53:34.271] [INFO] [SERVER] 客户端连接: 062605aa-1fe7-41cc-8289-cdb02a8fa1c5, 当前连接数: 2
[2025-12-22 04:53:34.274] [INFO] [SERVER] 客户端 062605aa-1fe7-41cc-8289-cdb02a8fa1c5 订阅了频道: all
[2025-12-22 04:53:49.168] [INFO] [SERVER] 正在关闭服务器...
[2025-12-22 04:53:49.168] [INFO] [SERVER] 定时任务已停止
[2025-12-22 04:54:21.783] [INFO] [SERVER] WebSocket 服务器初始化完成
[2025-12-22 04:54:21.787] [INFO] [SERVER] ============================================================
[2025-12-22 04:54:21.787] [INFO] [SERVER] 服务器启动成功
[2025-12-22 04:54:21.788] [INFO] [SERVER] 端口: 3000
[2025-12-22 04:54:21.788] [INFO] [SERVER] 环境: development
[2025-12-22 04:54:21.788] [INFO] [SERVER] 音乐目录: D:\Projects\music-player\backend\music
[2025-12-22 04:54:21.788] [INFO] [SERVER] 数据库: undefined
[2025-12-22 04:54:21.789] [INFO] [SERVER] 访问地址: http://localhost:3000
[2025-12-22 04:54:21.789] [INFO] [SERVER] ============================================================
[2025-12-22 04:54:24.454] [INFO] [SERVER] 客户端连接: ccaa771a-4a99-4121-a204-b0728731582e, 当前连接数: 1
[2025-12-22 04:54:24.456] [INFO] [SERVER] 客户端 ccaa771a-4a99-4121-a204-b0728731582e 订阅了频道: all
[2025-12-22 04:54:26.797] [INFO] [SERVER] 启动自动清理任务，间隔: 24 小时
[2025-12-22 04:54:26.842] [INFO] [SERVER] 客户端断开: ccaa771a-4a99-4121-a204-b0728731582e, 剩余连接数: 0
[2025-12-22 04:54:28.379] [INFO] [SERVER] 客户端连接: b744808a-df3d-4c10-9566-cfd11c5e6fae, 当前连接数: 1
[2025-12-22 04:54:28.382] [INFO] [SERVER] 客户端 b744808a-df3d-4c10-9566-cfd11c5e6fae 订阅了频道: all
[2025-12-22 04:54:36.474] [WARN] [SERVER] 404未找到: GET /@vite/client
[2025-12-22 04:54:37.422] [INFO] [SERVER] 客户端连接: 02f64820-0a9d-42fd-8391-36726c604aa9, 当前连接数: 2
[2025-12-22 04:54:37.423] [INFO] [SERVER] 客户端 02f64820-0a9d-42fd-8391-36726c604aa9 订阅了频道: all
[2025-12-22 04:58:21.819] [WARN] [SERVER] 客户端心跳超时: b744808a-df3d-4c10-9566-cfd11c5e6fae
[2025-12-22 04:58:23.458] [INFO] [SERVER] 客户端连接: 091e050c-1249-4737-b9f1-baf1713deba2, 当前连接数: 2
[2025-12-22 04:58:23.460] [INFO] [SERVER] 客户端 091e050c-1249-4737-b9f1-baf1713deba2 订阅了频道: all
[2025-12-22 05:01:51.811] [INFO] [SERVER] 客户端断开: 02f64820-0a9d-42fd-8391-36726c604aa9, 剩余连接数: 1
[2025-12-22 05:02:04.153] [INFO] [SERVER] 客户端连接: 673f8b12-d427-4178-bf7e-e37b015c96bc, 当前连接数: 2
[2025-12-22 05:02:04.154] [INFO] [SERVER] 客户端 673f8b12-d427-4178-bf7e-e37b015c96bc 订阅了频道: all
[2025-12-22 05:02:13.243] [WARN] [SERVER] 404未找到: GET /@vite/client
[2025-12-22 05:02:21.877] [WARN] [SERVER] 客户端心跳超时: 091e050c-1249-4737-b9f1-baf1713deba2
[2025-12-22 05:02:23.452] [INFO] [SERVER] 客户端连接: 9478a553-5b8b-4413-ad29-e224225245cc, 当前连接数: 2
[2025-12-22 05:02:23.454] [INFO] [SERVER] 客户端 9478a553-5b8b-4413-ad29-e224225245cc 订阅了频道: all
[2025-12-22 05:02:25.424] [INFO] [SERVER] 正在关闭服务器...
[2025-12-22 05:02:25.425] [INFO] [SERVER] 定时任务已停止
[2025-12-22 05:02:25.438] [INFO] [SERVER] 数据库连接已关闭
[2025-12-22 05:02:40.448] [ERROR] [SERVER] 服务器关闭超时，强制关闭
[2025-12-22 05:03:30.887] [INFO] [SERVER] WebSocket 服务器初始化完成
[2025-12-22 05:03:30.891] [INFO] [SERVER] ============================================================
[2025-12-22 05:03:30.891] [INFO] [SERVER] 服务器启动成功
[2025-12-22 05:03:30.892] [INFO] [SERVER] 端口: 3000
[2025-12-22 05:03:30.892] [INFO] [SERVER] 环境: development
[2025-12-22 05:03:30.893] [INFO] [SERVER] 音乐目录: D:\Projects\music-player\backend\music
[2025-12-22 05:03:30.893] [INFO] [SERVER] 数据库: undefined
[2025-12-22 05:03:30.893] [INFO] [SERVER] 访问地址: http://localhost:3000
[2025-12-22 05:03:30.893] [INFO] [SERVER] ============================================================
[2025-12-22 05:03:32.892] [INFO] [SERVER] 客户端连接: 81b3f732-3669-4c5a-9490-e3d773bd78fc, 当前连接数: 1
[2025-12-22 05:03:32.894] [INFO] [SERVER] 客户端 81b3f732-3669-4c5a-9490-e3d773bd78fc 订阅了频道: all
[2025-12-22 05:03:34.031] [INFO] [SERVER] 客户端断开: 81b3f732-3669-4c5a-9490-e3d773bd78fc, 剩余连接数: 0
[2025-12-22 05:03:35.896] [INFO] [SERVER] 启动自动清理任务，间隔: 24 小时
[2025-12-22 05:03:36.250] [INFO] [SERVER] 客户端连接: 8cc829d4-25cd-489d-8a77-da0c6b31a86a, 当前连接数: 1
[2025-12-22 05:03:36.252] [INFO] [SERVER] 客户端 8cc829d4-25cd-489d-8a77-da0c6b31a86a 订阅了频道: all
[2025-12-22 05:06:49.532] [INFO] [SERVER] 客户端断开: 8cc829d4-25cd-489d-8a77-da0c6b31a86a, 剩余连接数: 0
[2025-12-22 05:06:51.065] [INFO] [SERVER] 客户端连接: 5d188ec6-494a-42bc-a688-0409596f7013, 当前连接数: 1
[2025-12-22 05:06:51.066] [INFO] [SERVER] 客户端 5d188ec6-494a-42bc-a688-0409596f7013 订阅了频道: all
[2025-12-22 05:11:31.044] [WARN] [SERVER] 客户端心跳超时: 5d188ec6-494a-42bc-a688-0409596f7013
[2025-12-22 05:11:32.462] [INFO] [SERVER] 客户端连接: 32447154-0e9e-410f-9dad-e94c657283c4, 当前连接数: 1
[2025-12-22 05:11:32.464] [INFO] [SERVER] 客户端 32447154-0e9e-410f-9dad-e94c657283c4 订阅了频道: all
[2025-12-22 05:15:17.999] [INFO] [SERVER] 客户端断开: 32447154-0e9e-410f-9dad-e94c657283c4, 剩余连接数: 0
[2025-12-22 05:15:19.523] [INFO] [SERVER] 客户端连接: 6f8c89da-7ba5-44a1-99b1-fd2fddb4e65a, 当前连接数: 1
[2025-12-22 05:15:19.526] [INFO] [SERVER] 客户端 6f8c89da-7ba5-44a1-99b1-fd2fddb4e65a 订阅了频道: all
[2025-12-22 05:15:52.476] [INFO] [SERVER] 客户端断开: 6f8c89da-7ba5-44a1-99b1-fd2fddb4e65a, 剩余连接数: 0
[2025-12-22 05:15:54.003] [INFO] [SERVER] 客户端连接: c5cb364e-f058-4426-8948-3572246b6f2e, 当前连接数: 1
[2025-12-22 05:15:54.004] [INFO] [SERVER] 客户端 c5cb364e-f058-4426-8948-3572246b6f2e 订阅了频道: all
[2025-12-22 05:16:04.496] [INFO] [SERVER] 客户端连接: ef1ed7b2-8b9a-4f44-9fcc-c3a16464de62, 当前连接数: 2
[2025-12-22 05:16:04.497] [INFO] [SERVER] 客户端 ef1ed7b2-8b9a-4f44-9fcc-c3a16464de62 订阅了频道: all
[2025-12-22 05:16:16.385] [INFO] [SERVER] 客户端断开: ef1ed7b2-8b9a-4f44-9fcc-c3a16464de62, 剩余连接数: 1
[2025-12-22 05:16:16.731] [WARN] [SERVER] 404未找到: GET /@vite/client
[2025-12-22 05:16:18.154] [INFO] [SERVER] 客户端连接: 2549bdc2-002a-41e9-b334-77756c02444f, 当前连接数: 2
[2025-12-22 05:16:18.155] [INFO] [SERVER] 客户端 2549bdc2-002a-41e9-b334-77756c02444f 订阅了频道: all
[2025-12-22 05:17:55.854] [INFO] [SERVER] 客户端断开: 2549bdc2-002a-41e9-b334-77756c02444f, 剩余连接数: 1
[2025-12-22 05:18:27.175] [INFO] [SERVER] 客户端断开: c5cb364e-f058-4426-8948-3572246b6f2e, 剩余连接数: 0
[2025-12-22 05:18:28.690] [INFO] [SERVER] 客户端连接: 3bdf6a3b-fe40-4eb6-b4af-33bf23ffa1d0, 当前连接数: 1
[2025-12-22 05:18:28.692] [INFO] [SERVER] 客户端 3bdf6a3b-fe40-4eb6-b4af-33bf23ffa1d0 订阅了频道: all
[2025-12-22 05:18:39.614] [INFO] [SERVER] 客户端连接: 860c6ea1-7347-48e7-8004-9cd89de6cf4a, 当前连接数: 2
[2025-12-22 05:18:39.615] [INFO] [SERVER] 客户端 860c6ea1-7347-48e7-8004-9cd89de6cf4a 订阅了频道: all
[2025-12-22 05:18:56.718] [INFO] [SERVER] 客户端断开: 860c6ea1-7347-48e7-8004-9cd89de6cf4a, 剩余连接数: 1
[2025-12-22 05:19:00.586] [WARN] [SERVER] 404未找到: GET /@vite/client
[2025-12-22 05:19:02.053] [INFO] [SERVER] 客户端连接: 1850b6ce-e095-4b3e-ba46-9d3310072f02, 当前连接数: 2
[2025-12-22 05:19:02.055] [INFO] [SERVER] 客户端 1850b6ce-e095-4b3e-ba46-9d3310072f02 订阅了频道: all
[2025-12-22 05:21:08.423] [INFO] [SERVER] 客户端断开: 1850b6ce-e095-4b3e-ba46-9d3310072f02, 剩余连接数: 1
[2025-12-22 05:21:20.839] [INFO] [SERVER] 客户端断开: 3bdf6a3b-fe40-4eb6-b4af-33bf23ffa1d0, 剩余连接数: 0
[2025-12-22 05:21:22.664] [INFO] [SERVER] 客户端连接: df0ba5f1-0c95-42d1-b4b5-e2cf92b003df, 当前连接数: 1
[2025-12-22 05:21:22.665] [INFO] [SERVER] 客户端 df0ba5f1-0c95-42d1-b4b5-e2cf92b003df 订阅了频道: all
[2025-12-22 05:21:49.766] [WARN] [SERVER] 404未找到: GET /@vite/client
[2025-12-22 05:21:51.141] [INFO] [SERVER] 客户端连接: c2f7d606-dc63-48ce-941e-c57c7cb6b2eb, 当前连接数: 2
[2025-12-22 05:21:51.142] [INFO] [SERVER] 客户端 c2f7d606-dc63-48ce-941e-c57c7cb6b2eb 订阅了频道: all
[2025-12-22 05:24:20.770] [INFO] [SERVER] 客户端断开: c2f7d606-dc63-48ce-941e-c57c7cb6b2eb, 剩余连接数: 1
[2025-12-22 05:24:22.140] [WARN] [SERVER] 404未找到: GET /@vite/client
[2025-12-22 05:24:23.113] [INFO] [SERVER] 客户端连接: 79bbc297-1a5b-49da-84e6-7732758f6604, 当前连接数: 2
[2025-12-22 05:24:23.114] [INFO] [SERVER] 客户端 79bbc297-1a5b-49da-84e6-7732758f6604 订阅了频道: all
[2025-12-22 05:24:32.315] [INFO] [SERVER] 客户端断开: 79bbc297-1a5b-49da-84e6-7732758f6604, 剩余连接数: 1
[2025-12-22 05:24:38.154] [WARN] [SERVER] 404未找到: GET /@vite/client
[2025-12-22 05:24:39.544] [INFO] [SERVER] 客户端连接: 34d1d62b-e878-4a6d-b7c8-418916f0d249, 当前连接数: 2
[2025-12-22 05:24:39.544] [INFO] [SERVER] 客户端 34d1d62b-e878-4a6d-b7c8-418916f0d249 订阅了频道: all
[2025-12-22 05:25:31.281] [WARN] [SERVER] 客户端心跳超时: df0ba5f1-0c95-42d1-b4b5-e2cf92b003df
[2025-12-22 05:25:33.449] [INFO] [SERVER] 客户端连接: 1d5294ac-5fe5-4e65-9102-aeb68b77d701, 当前连接数: 2
[2025-12-22 05:25:33.452] [INFO] [SERVER] 客户端 1d5294ac-5fe5-4e65-9102-aeb68b77d701 订阅了频道: all
[2025-12-22 05:26:41.657] [INFO] [SERVER] 客户端断开: 34d1d62b-e878-4a6d-b7c8-418916f0d249, 剩余连接数: 1
[2025-12-22 05:26:42.107] [WARN] [SERVER] 404未找到: GET /@vite/client
[2025-12-22 05:26:43.400] [INFO] [SERVER] 客户端连接: 255209b7-7c43-4fcf-990a-52a21f99d124, 当前连接数: 2
[2025-12-22 05:26:43.402] [INFO] [SERVER] 客户端 255209b7-7c43-4fcf-990a-52a21f99d124 订阅了频道: all
[2025-12-22 05:28:22.234] [INFO] [SERVER] 客户端断开: 255209b7-7c43-4fcf-990a-52a21f99d124, 剩余连接数: 1
[2025-12-22 05:28:33.648] [WARN] [SERVER] 404未找到: GET /@vite/client
[2025-12-22 05:28:35.254] [WARN] [SERVER] 404未找到: GET /@vite/client
[2025-12-22 05:28:36.366] [INFO] [SERVER] 客户端连接: a334ae3b-143a-4620-b6df-b46a096f3b8b, 当前连接数: 2
[2025-12-22 05:28:36.367] [INFO] [SERVER] 客户端 a334ae3b-143a-4620-b6df-b46a096f3b8b 订阅了频道: all
[2025-12-22 05:28:42.633] [INFO] [SERVER] 客户端断开: 1d5294ac-5fe5-4e65-9102-aeb68b77d701, 剩余连接数: 1
[2025-12-22 05:28:44.148] [INFO] [SERVER] 客户端连接: ae75c2fc-f436-4394-9537-097d18fd7fbe, 当前连接数: 2
[2025-12-22 05:28:44.150] [INFO] [SERVER] 客户端 ae75c2fc-f436-4394-9537-097d18fd7fbe 订阅了频道: all
[2025-12-22 05:30:12.131] [INFO] [SERVER] 客户端断开: a334ae3b-143a-4620-b6df-b46a096f3b8b, 剩余连接数: 1
[2025-12-22 05:30:12.762] [INFO] [SERVER] 客户端连接: e4f6b783-4bf0-4774-b9fd-5a8238ec731f, 当前连接数: 2
[2025-12-22 05:30:12.767] [INFO] [SERVER] 客户端断开: e4f6b783-4bf0-4774-b9fd-5a8238ec731f, 剩余连接数: 1
[2025-12-22 05:30:12.834] [WARN] [SERVER] 404未找到: GET /@vite/client
[2025-12-22 05:30:14.063] [INFO] [SERVER] 客户端连接: a00e4198-f718-4ba2-bbb7-8b3b5a481a1d, 当前连接数: 2
[2025-12-22 05:30:14.064] [INFO] [SERVER] 客户端 a00e4198-f718-4ba2-bbb7-8b3b5a481a1d 订阅了频道: all
[2025-12-22 05:31:13.311] [INFO] [SERVER] 客户端断开: a00e4198-f718-4ba2-bbb7-8b3b5a481a1d, 剩余连接数: 1
[2025-12-22 05:31:13.811] [WARN] [SERVER] 404未找到: GET /@vite/client
[2025-12-22 05:31:15.033] [INFO] [SERVER] 客户端连接: 7e05d4fd-fa16-4ab2-8af0-6db401afa3be, 当前连接数: 2
[2025-12-22 05:31:15.034] [INFO] [SERVER] 客户端 7e05d4fd-fa16-4ab2-8af0-6db401afa3be 订阅了频道: all
[2025-12-22 05:32:31.383] [WARN] [SERVER] 客户端心跳超时: ae75c2fc-f436-4394-9537-097d18fd7fbe
[2025-12-22 05:32:33.456] [INFO] [SERVER] 客户端连接: ed59bf20-cb15-4399-a7db-78b3d54d12bf, 当前连接数: 2
[2025-12-22 05:32:33.458] [INFO] [SERVER] 客户端 ed59bf20-cb15-4399-a7db-78b3d54d12bf 订阅了频道: all
[2025-12-22 05:33:31.098] [INFO] [SERVER] 客户端断开: 7e05d4fd-fa16-4ab2-8af0-6db401afa3be, 剩余连接数: 1
[2025-12-22 05:33:31.617] [WARN] [SERVER] 404未找到: GET /@vite/client
[2025-12-22 05:33:32.789] [INFO] [SERVER] 客户端连接: 4e3597db-d9ea-4a51-ba64-810fda416a11, 当前连接数: 2
[2025-12-22 05:33:32.790] [INFO] [SERVER] 客户端 4e3597db-d9ea-4a51-ba64-810fda416a11 订阅了频道: all
[2025-12-22 05:34:28.703] [INFO] [SERVER] 客户端断开: ed59bf20-cb15-4399-a7db-78b3d54d12bf, 剩余连接数: 1
[2025-12-22 05:34:30.228] [INFO] [SERVER] 客户端连接: 1f4210aa-a6f6-4284-a605-b398c1c3c271, 当前连接数: 2
[2025-12-22 05:34:30.231] [INFO] [SERVER] 客户端 1f4210aa-a6f6-4284-a605-b398c1c3c271 订阅了频道: all
[2025-12-22 05:36:06.106] [INFO] [SERVER] 客户端断开: 4e3597db-d9ea-4a51-ba64-810fda416a11, 剩余连接数: 1
[2025-12-22 05:36:06.504] [WARN] [SERVER] 404未找到: GET /@vite/client
[2025-12-22 05:36:07.835] [INFO] [SERVER] 客户端连接: 19dced3c-da5f-4337-ba40-6290682f71a2, 当前连接数: 2
[2025-12-22 05:36:07.841] [INFO] [SERVER] 客户端 19dced3c-da5f-4337-ba40-6290682f71a2 订阅了频道: all
[2025-12-22 05:36:19.726] [INFO] [SERVER] 客户端断开: 19dced3c-da5f-4337-ba40-6290682f71a2, 剩余连接数: 1
[2025-12-22 05:36:20.288] [WARN] [SERVER] 404未找到: GET /@vite/client
[2025-12-22 05:36:21.357] [INFO] [SERVER] 客户端连接: d946d76b-03af-455b-a962-26645e40934d, 当前连接数: 2
[2025-12-22 05:36:21.359] [INFO] [SERVER] 客户端 d946d76b-03af-455b-a962-26645e40934d 订阅了频道: all
[2025-12-22 05:36:28.240] [INFO] [SERVER] 正在关闭服务器...
[2025-12-22 05:36:28.241] [INFO] [SERVER] 定时任务已停止
[2025-12-22 05:36:28.242] [INFO] [SERVER] 数据库连接已关闭
[2025-12-22 05:36:43.254] [ERROR] [SERVER] 服务器关闭超时，强制关闭
[2025-12-22 05:36:48.419] [INFO] [SERVER] WebSocket 服务器初始化完成
[2025-12-22 05:36:48.423] [INFO] [SERVER] ============================================================
[2025-12-22 05:36:48.423] [INFO] [SERVER] 服务器启动成功
[2025-12-22 05:36:48.424] [INFO] [SERVER] 端口: 3000
[2025-12-22 05:36:48.424] [INFO] [SERVER] 环境: development
[2025-12-22 05:36:48.424] [INFO] [SERVER] 音乐目录: D:\Projects\music-player\backend\music
[2025-12-22 05:36:48.425] [INFO] [SERVER] 数据库: undefined
[2025-12-22 05:36:48.425] [INFO] [SERVER] 访问地址: http://localhost:3000
[2025-12-22 05:36:48.425] [INFO] [SERVER] ============================================================
[2025-12-22 05:36:53.430] [INFO] [SERVER] 启动自动清理任务，间隔: 24 小时
[2025-12-22 05:36:55.433] [WARN] [SERVER] 404未找到: GET /@vite/client
[2025-12-22 05:36:56.708] [INFO] [SERVER] 客户端连接: fe459a78-313b-4651-a777-ef0abb088a6a, 当前连接数: 1
[2025-12-22 05:36:56.710] [INFO] [SERVER] 客户端 fe459a78-313b-4651-a777-ef0abb088a6a 订阅了频道: all
[2025-12-22 05:37:20.594] [INFO] [SERVER] STREAM 1766381840594_025aee:
[2025-12-22 05:37:20.594] [INFO] [SERVER] STREAM 1766381840594_025aee:
[2025-12-22 05:37:20.595] [INFO] [SERVER] STREAM 1766381840594_025aee:
[2025-12-22 05:37:20.595] [INFO] [SERVER] STREAM 1766381840594_025aee:
[2025-12-22 05:37:20.595] [INFO] [SERVER] STREAM 1766381840594_025aee:
[2025-12-22 05:37:20.596] [INFO] [SERVER] STREAM 1766381840594_025aee:
[2025-12-22 05:37:20.618] [INFO] [SERVER] STREAM 1766381840594_025aee:
[2025-12-22 05:37:20.627] [INFO] [SERVER] STREAM 1766381840627_183fad:
[2025-12-22 05:37:20.628] [INFO] [SERVER] STREAM 1766381840627_183fad:
[2025-12-22 05:37:20.628] [INFO] [SERVER] STREAM 1766381840627_183fad:
[2025-12-22 05:37:20.628] [INFO] [SERVER] STREAM 1766381840627_183fad:
[2025-12-22 05:37:20.629] [INFO] [SERVER] STREAM 1766381840627_183fad:
[2025-12-22 05:37:20.630] [INFO] [SERVER] STREAM 1766381840627_183fad:
[2025-12-22 05:37:20.640] [INFO] [SERVER] STREAM 1766381840627_183fad:
[2025-12-22 05:37:20.651] [INFO] [SERVER] STREAM 1766381840650_9fdc81:
[2025-12-22 05:37:20.651] [INFO] [SERVER] STREAM 1766381840650_9fdc81:
[2025-12-22 05:37:20.651] [INFO] [SERVER] STREAM 1766381840650_9fdc81:
[2025-12-22 05:37:20.652] [INFO] [SERVER] STREAM 1766381840650_9fdc81:
[2025-12-22 05:37:20.652] [INFO] [SERVER] STREAM 1766381840650_9fdc81:
[2025-12-22 05:37:20.653] [INFO] [SERVER] STREAM 1766381840650_9fdc81:
[2025-12-22 05:37:24.990] [INFO] [SERVER] 客户端连接: 75a5a796-4a75-4c7e-872e-8d2f8dbfe609, 当前连接数: 2
[2025-12-22 05:37:24.992] [INFO] [SERVER] 客户端 75a5a796-4a75-4c7e-872e-8d2f8dbfe609 订阅了频道: all
[2025-12-22 05:37:26.135] [INFO] [SERVER] 客户端断开: 75a5a796-4a75-4c7e-872e-8d2f8dbfe609, 剩余连接数: 1
[2025-12-22 05:37:27.647] [INFO] [SERVER] 客户端连接: 09632fd1-d349-4062-a9de-c664c9112406, 当前连接数: 2
[2025-12-22 05:37:27.649] [INFO] [SERVER] 客户端 09632fd1-d349-4062-a9de-c664c9112406 订阅了频道: all
[2025-12-22 05:37:27.910] [INFO] [SERVER] STREAM 1766381847910_0a9625:
[2025-12-22 05:37:27.911] [INFO] [SERVER] STREAM 1766381847910_0a9625:
[2025-12-22 05:37:27.911] [INFO] [SERVER] STREAM 1766381847910_0a9625:
[2025-12-22 05:37:27.912] [INFO] [SERVER] STREAM 1766381847910_0a9625:
[2025-12-22 05:37:27.912] [INFO] [SERVER] STREAM 1766381847910_0a9625:
[2025-12-22 05:37:27.913] [INFO] [SERVER] STREAM 1766381847910_0a9625:
[2025-12-22 05:37:27.947] [INFO] [SERVER] STREAM 1766381847910_0a9625:
[2025-12-22 05:37:27.954] [INFO] [SERVER] STREAM 1766381847954_4e0f92:
[2025-12-22 05:37:27.955] [INFO] [SERVER] STREAM 1766381847954_4e0f92:
[2025-12-22 05:37:27.955] [INFO] [SERVER] STREAM 1766381847954_4e0f92:
[2025-12-22 05:37:27.956] [INFO] [SERVER] STREAM 1766381847954_4e0f92:
[2025-12-22 05:37:27.956] [INFO] [SERVER] STREAM 1766381847954_4e0f92:
[2025-12-22 05:37:27.957] [INFO] [SERVER] STREAM 1766381847954_4e0f92:
[2025-12-22 05:37:27.994] [INFO] [SERVER] STREAM 1766381847954_4e0f92:
[2025-12-22 05:37:28.003] [INFO] [SERVER] STREAM 1766381848002_e2a420:
[2025-12-22 05:37:28.003] [INFO] [SERVER] STREAM 1766381848002_e2a420:
[2025-12-22 05:37:28.004] [INFO] [SERVER] STREAM 1766381848002_e2a420:
[2025-12-22 05:37:28.005] [INFO] [SERVER] STREAM 1766381848002_e2a420:
[2025-12-22 05:37:28.005] [INFO] [SERVER] STREAM 1766381848002_e2a420:
[2025-12-22 05:37:28.006] [INFO] [SERVER] STREAM 1766381848002_e2a420:
[2025-12-22 05:37:28.029] [INFO] [SERVER] STREAM 1766381848002_e2a420:
[2025-12-22 05:37:50.195] [INFO] [SERVER] 客户端断开: fe459a78-313b-4651-a777-ef0abb088a6a, 剩余连接数: 1
[2025-12-22 05:37:50.452] [INFO] [SERVER] STREAM 1766381840650_9fdc81:
[2025-12-22 05:37:50.985] [WARN] [SERVER] 404未找到: GET /@vite/client
[2025-12-22 05:37:52.108] [INFO] [SERVER] 客户端连接: dbd21b71-de4a-407f-a8eb-170e4a695989, 当前连接数: 2
[2025-12-22 05:37:52.109] [INFO] [SERVER] 客户端 dbd21b71-de4a-407f-a8eb-170e4a695989 订阅了频道: all
[2025-12-22 05:48:38.926] [INFO] [SERVER] 客户端断开: dbd21b71-de4a-407f-a8eb-170e4a695989, 剩余连接数: 1
[2025-12-22 05:48:49.318] [WARN] [SERVER] 404未找到: GET /@vite/client
[2025-12-22 05:48:50.795] [INFO] [SERVER] 客户端连接: e0c98be8-afb7-404a-a35c-a8b63b665ffc, 当前连接数: 2
[2025-12-22 05:48:50.796] [INFO] [SERVER] 客户端 e0c98be8-afb7-404a-a35c-a8b63b665ffc 订阅了频道: all
[2025-12-22 05:48:50.961] [INFO] [SERVER] 客户端断开: 09632fd1-d349-4062-a9de-c664c9112406, 剩余连接数: 1
[2025-12-22 05:48:52.784] [INFO] [SERVER] 客户端连接: d789f133-716f-4b79-a657-3da8de6e97e8, 当前连接数: 2
[2025-12-22 05:48:52.786] [INFO] [SERVER] 客户端 d789f133-716f-4b79-a657-3da8de6e97e8 订阅了频道: all
[2025-12-22 05:49:11.067] [INFO] [SERVER] 客户端断开: d789f133-716f-4b79-a657-3da8de6e97e8, 剩余连接数: 1
[2025-12-22 05:49:12.576] [INFO] [SERVER] 客户端连接: d3be4559-3306-4ae7-a496-ea9cc50d2931, 当前连接数: 2
[2025-12-22 05:49:12.578] [INFO] [SERVER] 客户端 d3be4559-3306-4ae7-a496-ea9cc50d2931 订阅了频道: all
[2025-12-22 05:49:30.070] [INFO] [SERVER] 客户端断开: e0c98be8-afb7-404a-a35c-a8b63b665ffc, 剩余连接数: 1
[2025-12-27 12:04:15.141] [INFO] [SERVER] WebSocket 服务器初始化完成
[2025-12-27 12:04:15.146] [INFO] [SERVER] ============================================================
[2025-12-27 12:04:15.146] [INFO] [SERVER] 服务器启动成功
[2025-12-27 12:04:15.147] [INFO] [SERVER] 端口: 3002
[2025-12-27 12:04:15.147] [INFO] [SERVER] 环境: development
[2025-12-27 12:04:15.148] [INFO] [SERVER] 音乐目录: D:\Projects\music-player\backend\music
[2025-12-27 12:04:15.148] [INFO] [SERVER] 数据库: undefined
[2025-12-27 12:04:15.148] [INFO] [SERVER] 访问地址: http://localhost:3002
[2025-12-27 12:04:15.148] [INFO] [SERVER] ============================================================
[2025-12-27 12:04:20.146] [INFO] [SERVER] 启动自动清理任务，间隔: 24 小时
[2025-12-27 12:09:13.887] [INFO] [SERVER] WebSocket 服务器初始化完成
[2025-12-27 12:09:13.891] [INFO] [SERVER] ============================================================
[2025-12-27 12:09:13.891] [INFO] [SERVER] 服务器启动成功
[2025-12-27 12:09:13.891] [INFO] [SERVER] 端口: 3002
[2025-12-27 12:09:13.892] [INFO] [SERVER] 环境: development
[2025-12-27 12:09:13.892] [INFO] [SERVER] 音乐目录: D:\Projects\music-player\backend\music
[2025-12-27 12:09:13.892] [INFO] [SERVER] 数据库: undefined
[2025-12-27 12:09:13.893] [INFO] [SERVER] 访问地址: http://localhost:3002
[2025-12-27 12:09:13.893] [INFO] [SERVER] ============================================================
[2025-12-27 12:09:18.892] [INFO] [SERVER] 启动自动清理任务，间隔: 24 小时
[2025-12-27 12:09:57.083] [INFO] [SERVER] 正在关闭服务器...
[2025-12-27 12:09:57.085] [INFO] [SERVER] 数据库连接已关闭
[2025-12-27 12:09:57.086] [INFO] [SERVER] 服务器已关闭
[2025-12-27 12:09:58.860] [INFO] [SERVER] WebSocket 服务器初始化完成
[2025-12-27 12:09:58.863] [INFO] [SERVER] ============================================================
[2025-12-27 12:09:58.864] [INFO] [SERVER] 服务器启动成功
[2025-12-27 12:09:58.864] [INFO] [SERVER] 端口: 3002
[2025-12-27 12:09:58.864] [INFO] [SERVER] 环境: development
[2025-12-27 12:09:58.865] [INFO] [SERVER] 音乐目录: D:\Projects\music-player\backend\music
[2025-12-27 12:09:58.865] [INFO] [SERVER] 数据库: undefined
[2025-12-27 12:09:58.865] [INFO] [SERVER] 访问地址: http://localhost:3002
[2025-12-27 12:09:58.865] [INFO] [SERVER] ============================================================
[2025-12-27 12:10:03.867] [INFO] [SERVER] 启动自动清理任务，间隔: 24 小时
[2025-12-27 12:10:06.220] [INFO] [SERVER] 客户端连接: e208d2ec-6563-4f60-9e20-930c763a759b, 当前连接数: 1
[2025-12-27 12:10:06.231] [INFO] [SERVER] 客户端 e208d2ec-6563-4f60-9e20-930c763a759b 订阅了频道: all
[2025-12-27 12:10:13.760] [INFO] [SERVER] STREAM 1766837413759_f8f4e8:
[2025-12-27 12:10:13.760] [INFO] [SERVER] STREAM 1766837413759_f8f4e8:
[2025-12-27 12:10:13.761] [INFO] [SERVER] STREAM 1766837413759_f8f4e8:
[2025-12-27 12:10:13.761] [INFO] [SERVER] STREAM 1766837413759_f8f4e8:
[2025-12-27 12:10:13.762] [INFO] [SERVER] STREAM 1766837413759_f8f4e8:
[2025-12-27 12:10:13.763] [INFO] [SERVER] STREAM 1766837413759_f8f4e8:
[2025-12-27 12:10:13.786] [INFO] [SERVER] STREAM 1766837413759_f8f4e8:
[2025-12-27 12:10:13.794] [INFO] [SERVER] STREAM 1766837413794_12450b:
[2025-12-27 12:10:13.795] [INFO] [SERVER] STREAM 1766837413794_12450b:
[2025-12-27 12:10:13.795] [INFO] [SERVER] STREAM 1766837413794_12450b:
[2025-12-27 12:10:13.796] [INFO] [SERVER] STREAM 1766837413794_12450b:
[2025-12-27 12:10:13.796] [INFO] [SERVER] STREAM 1766837413794_12450b:
[2025-12-27 12:10:13.797] [INFO] [SERVER] STREAM 1766837413794_12450b:
[2025-12-27 12:10:13.805] [INFO] [SERVER] STREAM 1766837413794_12450b:
[2025-12-27 12:10:13.818] [INFO] [SERVER] STREAM 1766837413818_e61588:
[2025-12-27 12:10:13.820] [INFO] [SERVER] STREAM 1766837413818_e61588:
[2025-12-27 12:10:13.820] [INFO] [SERVER] STREAM 1766837413818_e61588:
[2025-12-27 12:10:13.821] [INFO] [SERVER] STREAM 1766837413818_e61588:
[2025-12-27 12:10:13.821] [INFO] [SERVER] STREAM 1766837413818_e61588:
[2025-12-27 12:10:13.822] [INFO] [SERVER] STREAM 1766837413818_e61588:
[2025-12-27 12:10:18.710] [INFO] [SERVER] 从 网易云音乐 成功获取歌词: "I'm Yours" - "Jason Mraz"
[2025-12-27 12:10:18.724] [INFO] [SERVER] 成功从网络获取并保存歌词: I'm Yours
[2025-12-27 12:11:22.440] [INFO] [SERVER] STREAM 1766837413818_e61588:
[2025-12-27 12:12:18.537] [INFO] [SERVER] 正在关闭服务器...
[2025-12-27 12:12:18.551] [INFO] [SERVER] 数据库连接已关闭
[2025-12-27 12:12:18.552] [INFO] [SERVER] 服务器已关闭
[2025-12-27 12:12:23.195] [INFO] [SERVER] WebSocket 服务器初始化完成
[2025-12-27 12:12:23.200] [INFO] [SERVER] ============================================================
[2025-12-27 12:12:23.200] [INFO] [SERVER] 服务器启动成功
[2025-12-27 12:12:23.201] [INFO] [SERVER] 端口: 3002
[2025-12-27 12:12:23.201] [INFO] [SERVER] 环境: development
[2025-12-27 12:12:23.202] [INFO] [SERVER] 音乐目录: D:\Projects\music-player\backend\music
[2025-12-27 12:12:23.202] [INFO] [SERVER] 数据库: undefined
[2025-12-27 12:12:23.203] [INFO] [SERVER] 访问地址: http://localhost:3002
[2025-12-27 12:12:23.203] [INFO] [SERVER] ============================================================
[2025-12-27 12:12:27.909] [INFO] [SERVER] 客户端连接: ceb939fc-0425-4186-9a46-7a99c59cccc3, 当前连接数: 1
[2025-12-27 12:12:27.912] [INFO] [SERVER] 客户端 ceb939fc-0425-4186-9a46-7a99c59cccc3 订阅了频道: all
[2025-12-27 12:12:28.197] [INFO] [SERVER] 启动自动清理任务，间隔: 24 小时
[2025-12-27 12:12:29.070] [INFO] [SERVER] 客户端断开: ceb939fc-0425-4186-9a46-7a99c59cccc3, 剩余连接数: 0
[2025-12-27 12:12:30.898] [INFO] [SERVER] 客户端连接: 2e82d0c6-8c82-4b44-a998-fc9e0ed3dc08, 当前连接数: 1
[2025-12-27 12:12:30.900] [INFO] [SERVER] 客户端 2e82d0c6-8c82-4b44-a998-fc9e0ed3dc08 订阅了频道: all
[2025-12-27 12:13:10.922] [INFO] [SERVER] 客户端断开: 2e82d0c6-8c82-4b44-a998-fc9e0ed3dc08, 剩余连接数: 0
[2025-12-27 12:13:12.431] [INFO] [SERVER] 客户端连接: 3ba3ef02-0669-4ac0-88a1-ecd3cd1abc38, 当前连接数: 1
[2025-12-27 12:13:12.434] [INFO] [SERVER] 客户端 3ba3ef02-0669-4ac0-88a1-ecd3cd1abc38 订阅了频道: all
[2025-12-27 12:16:44.266] [INFO] [SERVER] 客户端断开: 3ba3ef02-0669-4ac0-88a1-ecd3cd1abc38, 剩余连接数: 0
[2025-12-27 12:16:45.783] [INFO] [SERVER] 客户端连接: 092f854f-5ad0-4f5e-8a96-4dacea1d2565, 当前连接数: 1
[2025-12-27 12:16:45.785] [INFO] [SERVER] 客户端 092f854f-5ad0-4f5e-8a96-4dacea1d2565 订阅了频道: all
[2025-12-27 12:17:16.774] [INFO] [SERVER] 客户端连接: f3bca216-f87d-4817-b522-c9770fc722b8, 当前连接数: 2
[2025-12-27 12:17:16.775] [INFO] [SERVER] 客户端 f3bca216-f87d-4817-b522-c9770fc722b8 订阅了频道: all
[2025-12-27 12:20:53.305] [WARN] [SERVER] 客户端心跳超时: 092f854f-5ad0-4f5e-8a96-4dacea1d2565
[2025-12-27 12:20:55.440] [INFO] [SERVER] 客户端连接: a3f7815c-6c68-4024-bd71-049446586b9d, 当前连接数: 2
[2025-12-27 12:20:55.441] [INFO] [SERVER] 客户端 a3f7815c-6c68-4024-bd71-049446586b9d 订阅了频道: all
[2025-12-27 12:24:53.383] [WARN] [SERVER] 客户端心跳超时: a3f7815c-6c68-4024-bd71-049446586b9d
[2025-12-27 12:24:55.439] [INFO] [SERVER] 客户端连接: bad7364e-8861-4abe-9b6d-343651c758c7, 当前连接数: 2
[2025-12-27 12:24:55.440] [INFO] [SERVER] 客户端 bad7364e-8861-4abe-9b6d-343651c758c7 订阅了频道: all
[2025-12-27 12:28:53.437] [WARN] [SERVER] 客户端心跳超时: bad7364e-8861-4abe-9b6d-343651c758c7
[2025-12-27 12:28:55.434] [INFO] [SERVER] 客户端连接: 793d31e0-a5d0-470e-99e9-55450f833f04, 当前连接数: 2
[2025-12-27 12:28:55.436] [INFO] [SERVER] 客户端 793d31e0-a5d0-470e-99e9-55450f833f04 订阅了频道: all
[2025-12-27 12:32:53.482] [WARN] [SERVER] 客户端心跳超时: 793d31e0-a5d0-470e-99e9-55450f833f04
[2025-12-27 12:32:55.444] [INFO] [SERVER] 客户端连接: 510fcbe4-73bf-4240-b9cd-3ea5a202aefb, 当前连接数: 2
[2025-12-27 12:32:55.445] [INFO] [SERVER] 客户端 510fcbe4-73bf-4240-b9cd-3ea5a202aefb 订阅了频道: all
[2025-12-27 12:33:44.302] [INFO] [SERVER] 客户端断开: 510fcbe4-73bf-4240-b9cd-3ea5a202aefb, 剩余连接数: 1
[2025-12-27 12:33:45.824] [INFO] [SERVER] 客户端连接: 26cdde01-161a-4f3d-bf43-432ff9c5717c, 当前连接数: 2
[2025-12-27 12:33:45.826] [INFO] [SERVER] 客户端 26cdde01-161a-4f3d-bf43-432ff9c5717c 订阅了频道: all
[2025-12-27 12:37:53.573] [WARN] [SERVER] 客户端心跳超时: 26cdde01-161a-4f3d-bf43-432ff9c5717c
[2025-12-27 12:37:55.445] [INFO] [SERVER] 客户端连接: 112b5a47-6420-449d-829e-b02ff99dc4c6, 当前连接数: 2
[2025-12-27 12:37:55.447] [INFO] [SERVER] 客户端 112b5a47-6420-449d-829e-b02ff99dc4c6 订阅了频道: all
[2025-12-27 12:41:53.640] [WARN] [SERVER] 客户端心跳超时: 112b5a47-6420-449d-829e-b02ff99dc4c6
[2025-12-27 12:41:55.453] [INFO] [SERVER] 客户端连接: c1504359-2282-476e-ae36-63dd03b8d4a1, 当前连接数: 2
[2025-12-27 12:41:55.455] [INFO] [SERVER] 客户端 c1504359-2282-476e-ae36-63dd03b8d4a1 订阅了频道: all
[2025-12-27 12:45:38.330] [INFO] [SERVER] 客户端断开: f3bca216-f87d-4817-b522-c9770fc722b8, 剩余连接数: 1
[2025-12-27 12:45:38.984] [INFO] [SERVER] 客户端连接: 31f5226a-6a75-47ec-80bd-afbd413bf393, 当前连接数: 2
[2025-12-27 12:45:38.985] [INFO] [SERVER] 客户端断开: 31f5226a-6a75-47ec-80bd-afbd413bf393, 剩余连接数: 1
[2025-12-27 12:45:40.618] [INFO] [SERVER] 客户端连接: ed5568dd-1294-477d-8d1b-bd3fa4309359, 当前连接数: 2
[2025-12-27 12:45:40.619] [INFO] [SERVER] 客户端 ed5568dd-1294-477d-8d1b-bd3fa4309359 订阅了频道: all
[2025-12-27 12:45:53.660] [WARN] [SERVER] 客户端心跳超时: c1504359-2282-476e-ae36-63dd03b8d4a1
[2025-12-27 12:45:55.445] [INFO] [SERVER] 客户端连接: df637058-ad7c-4fab-a783-283abcb63720, 当前连接数: 2
[2025-12-27 12:45:55.447] [INFO] [SERVER] 客户端 df637058-ad7c-4fab-a783-283abcb63720 订阅了频道: all
[2025-12-27 12:49:53.701] [WARN] [SERVER] 客户端心跳超时: df637058-ad7c-4fab-a783-283abcb63720
[2025-12-27 12:49:55.446] [INFO] [SERVER] 客户端连接: 47edd6dd-bf50-438c-9315-8b234c213e84, 当前连接数: 2
[2025-12-27 12:49:55.448] [INFO] [SERVER] 客户端 47edd6dd-bf50-438c-9315-8b234c213e84 订阅了频道: all
[2025-12-27 12:53:53.747] [WARN] [SERVER] 客户端心跳超时: 47edd6dd-bf50-438c-9315-8b234c213e84
[2025-12-27 12:53:55.446] [INFO] [SERVER] 客户端连接: 4c66cc45-d546-4aba-b1f4-dce314b778cb, 当前连接数: 2
[2025-12-27 12:53:55.448] [INFO] [SERVER] 客户端 4c66cc45-d546-4aba-b1f4-dce314b778cb 订阅了频道: all
[2025-12-27 12:57:21.755] [INFO] [SERVER] 客户端断开: ed5568dd-1294-477d-8d1b-bd3fa4309359, 剩余连接数: 1
[2025-12-27 12:57:35.305] [INFO] [SERVER] 客户端连接: 54876859-f0cb-40ee-bad3-77f893305633, 当前连接数: 2
[2025-12-27 12:57:35.309] [INFO] [SERVER] 客户端 54876859-f0cb-40ee-bad3-77f893305633 订阅了频道: all
[2025-12-27 12:57:46.305] [INFO] [SERVER] 客户端断开: 4c66cc45-d546-4aba-b1f4-dce314b778cb, 剩余连接数: 1
[2025-12-27 12:57:47.822] [INFO] [SERVER] 客户端连接: 77beaf40-3696-47ba-a6f3-6a50cdc598d0, 当前连接数: 2
[2025-12-27 12:57:47.823] [INFO] [SERVER] 客户端 77beaf40-3696-47ba-a6f3-6a50cdc598d0 订阅了频道: all
[2025-12-27 12:57:51.383] [INFO] [SERVER] 客户端断开: 77beaf40-3696-47ba-a6f3-6a50cdc598d0, 剩余连接数: 1
[2025-12-27 12:57:52.896] [INFO] [SERVER] 客户端连接: 26b82031-ba58-49ab-a400-2d14932b14de, 当前连接数: 2
[2025-12-27 12:57:52.899] [INFO] [SERVER] 客户端 26b82031-ba58-49ab-a400-2d14932b14de 订阅了频道: all
[2025-12-27 12:58:10.155] [INFO] [SERVER] WebSocket 服务器初始化完成
[2025-12-27 12:58:10.160] [INFO] [SERVER] ============================================================
[2025-12-27 12:58:10.161] [INFO] [SERVER] 服务器启动成功
[2025-12-27 12:58:10.162] [INFO] [SERVER] 端口: 3002
[2025-12-27 12:58:10.162] [INFO] [SERVER] 环境: development
[2025-12-27 12:58:10.163] [INFO] [SERVER] 音乐目录: D:\Projects\music-player\backend\music
[2025-12-27 12:58:10.163] [INFO] [SERVER] 数据库: undefined
[2025-12-27 12:58:10.164] [INFO] [SERVER] 访问地址: http://localhost:3002
[2025-12-27 12:58:10.164] [INFO] [SERVER] ============================================================
[2025-12-27 12:58:10.364] [INFO] [SERVER] 客户端连接: 7c16342e-b5ad-4a20-956a-d70371052dc3, 当前连接数: 1
[2025-12-27 12:58:10.366] [INFO] [SERVER] 客户端 7c16342e-b5ad-4a20-956a-d70371052dc3 订阅了频道: all
[2025-12-27 12:58:11.447] [INFO] [SERVER] 客户端连接: 18a725c6-ddc5-48ff-91af-12a7538b50ae, 当前连接数: 2
[2025-12-27 12:58:11.448] [INFO] [SERVER] 客户端 18a725c6-ddc5-48ff-91af-12a7538b50ae 订阅了频道: all
[2025-12-27 12:58:13.043] [INFO] [SERVER] 客户端断开: 7c16342e-b5ad-4a20-956a-d70371052dc3, 剩余连接数: 1
[2025-12-27 12:58:13.679] [INFO] [SERVER] 客户端连接: ec3f804b-126b-47bd-b503-5a102b4a691a, 当前连接数: 2
[2025-12-27 12:58:13.680] [INFO] [SERVER] 客户端断开: ec3f804b-126b-47bd-b503-5a102b4a691a, 剩余连接数: 1
[2025-12-27 12:58:15.058] [INFO] [SERVER] 客户端连接: 9814045d-b55a-4a5f-8ef0-cdccb5a095be, 当前连接数: 2
[2025-12-27 12:58:15.059] [INFO] [SERVER] 客户端 9814045d-b55a-4a5f-8ef0-cdccb5a095be 订阅了频道: all
[2025-12-27 12:58:15.164] [INFO] [SERVER] 启动自动清理任务，间隔: 24 小时
[2025-12-27 12:58:18.205] [INFO] [SERVER] 客户端断开: 18a725c6-ddc5-48ff-91af-12a7538b50ae, 剩余连接数: 1
[2025-12-27 12:58:20.026] [INFO] [SERVER] 客户端连接: 89187bb2-da8d-4398-a8da-0ca443b25dc3, 当前连接数: 2
[2025-12-27 12:58:20.028] [INFO] [SERVER] 客户端 89187bb2-da8d-4398-a8da-0ca443b25dc3 订阅了频道: all
[2025-12-27 12:58:25.693] [INFO] [SERVER] 开始重新扫描音乐库...
[2025-12-27 12:58:25.694] [INFO] [SERVER] 找到 13 个音频文件
[2025-12-27 12:58:25.697] [INFO] [SERVER] 广播到频道 all: music_deleted, 发送给 2 个客户端
[2025-12-27 12:58:25.698] [INFO] [SERVER] 删除不存在的歌曲: 云上舟 - 国风堂,王敬轩（妖扬） - 国风堂
[2025-12-27 12:58:25.699] [INFO] [SERVER] 广播到频道 all: music_deleted, 发送给 2 个客户端
[2025-12-27 12:58:25.699] [INFO] [SERVER] 删除不存在的歌曲: 月华沉梦 - 慕寒 - 慕寒
[2025-12-27 12:58:25.700] [INFO] [SERVER] 广播到频道 all: music_deleted, 发送给 2 个客户端
[2025-12-27 12:58:25.701] [INFO] [SERVER] 删除不存在的歌曲: 雨霖铃 - 喵☆酱,逆水寒 - 喵☆酱
[2025-12-27 12:58:25.702] [INFO] [SERVER] 广播到频道 all: music_deleted, 发送给 2 个客户端
[2025-12-27 12:58:25.702] [INFO] [SERVER] 删除不存在的歌曲: 吟风曲 - 小爱的妈,逆水寒 - 小爱的妈
[2025-12-27 12:58:25.703] [INFO] [SERVER] 广播到频道 all: music_deleted, 发送给 2 个客户端
[2025-12-27 12:58:25.704] [INFO] [SERVER] 删除不存在的歌曲: 一世妆 - Aki阿杰 - Aki阿杰
[2025-12-27 12:58:25.705] [INFO] [SERVER] 广播到频道 all: music_deleted, 发送给 2 个客户端
[2025-12-27 12:58:25.705] [INFO] [SERVER] 删除不存在的歌曲: 烟雨满城 - 唐伯虎Annie - 唐伯虎Annie
[2025-12-27 12:58:25.708] [INFO] [SERVER] 广播到频道 all: music_deleted, 发送给 2 个客户端
[2025-12-27 12:58:25.708] [INFO] [SERVER] 删除不存在的歌曲: 湘桥月 - 银临,鸦青 - 银临
[2025-12-27 12:58:25.709] [INFO] [SERVER] 广播到频道 all: music_deleted, 发送给 2 个客户端
[2025-12-27 12:58:25.710] [INFO] [SERVER] 删除不存在的歌曲: 相思引 - 董真 - 董真
[2025-12-27 12:58:25.713] [INFO] [SERVER] 广播到频道 all: music_deleted, 发送给 2 个客户端
[2025-12-27 12:58:25.713] [INFO] [SERVER] 删除不存在的歌曲: 弦中歌 - 伦桑 - 伦桑
[2025-12-27 12:58:25.714] [INFO] [SERVER] 广播到频道 all: music_deleted, 发送给 2 个客户端
[2025-12-27 12:58:25.715] [INFO] [SERVER] 删除不存在的歌曲: 下一页 - 梓渝 - 梓渝
[2025-12-27 12:58:25.717] [INFO] [SERVER] 广播到频道 all: music_deleted, 发送给 2 个客户端
[2025-12-27 12:58:25.718] [INFO] [SERVER] 删除不存在的歌曲: 昔言 - HITA - HITA
[2025-12-27 12:58:25.719] [INFO] [SERVER] 广播到频道 all: music_deleted, 发送给 2 个客户端
[2025-12-27 12:58:25.720] [INFO] [SERVER] 删除不存在的歌曲: 我读三千遍你（广播剧《千秋》主题曲） - 张承煜（小魂） - 张承煜（小魂）
[2025-12-27 12:58:25.721] [INFO] [SERVER] 广播到频道 all: music_deleted, 发送给 2 个客户端
[2025-12-27 12:58:25.721] [INFO] [SERVER] 删除不存在的歌曲: 未见青山老 - 以冬 - 以冬
[2025-12-27 12:58:25.723] [INFO] [SERVER] 广播到频道 all: music_deleted, 发送给 2 个客户端
[2025-12-27 12:58:25.723] [INFO] [SERVER] 删除不存在的歌曲: 忘尘 - 黄龄 - 黄龄
[2025-12-27 12:58:25.725] [INFO] [SERVER] 广播到频道 all: music_deleted, 发送给 2 个客户端
[2025-12-27 12:58:25.726] [INFO] [SERVER] 删除不存在的歌曲: 桃花浅浅 - 清莞 - 清莞
[2025-12-27 12:58:25.727] [INFO] [SERVER] 广播到频道 all: music_deleted, 发送给 2 个客户端
[2025-12-27 12:58:25.727] [INFO] [SERVER] 删除不存在的歌曲: 苏州慢 - 黄诗扶 - 黄诗扶
[2025-12-27 12:58:25.728] [INFO] [SERVER] 广播到频道 all: music_deleted, 发送给 2 个客户端
[2025-12-27 12:58:25.729] [INFO] [SERVER] 删除不存在的歌曲: 思君赋 - HITA - HITA
[2025-12-27 12:58:25.730] [INFO] [SERVER] 广播到频道 all: music_deleted, 发送给 2 个客户端
[2025-12-27 12:58:25.730] [INFO] [SERVER] 删除不存在的歌曲: 山居 - Tacke竹桑 - Tacke竹桑
[2025-12-27 12:58:25.732] [INFO] [SERVER] 广播到频道 all: music_deleted, 发送给 2 个客户端
[2025-12-27 12:58:25.732] [INFO] [SERVER] 删除不存在的歌曲: 入梦 - 龚淑均,小时姑娘 - 龚淑均
[2025-12-27 12:58:25.733] [INFO] [SERVER] 广播到频道 all: music_deleted, 发送给 2 个客户端
[2025-12-27 12:58:25.734] [INFO] [SERVER] 删除不存在的歌曲: 浮生一白(电影《白蛇：浮生》主题曲 ) - 陈昊宇,陈丽君 - 陈昊宇
[2025-12-27 12:58:25.735] [INFO] [SERVER] 广播到频道 all: music_deleted, 发送给 2 个客户端
[2025-12-27 12:58:25.735] [INFO] [SERVER] 删除不存在的歌曲: 繁华梦 - 黄龄 - 黄龄
[2025-12-27 12:58:25.736] [INFO] [SERVER] 广播到频道 all: music_deleted, 发送给 2 个客户端
[2025-12-27 12:58:25.737] [INFO] [SERVER] 删除不存在的歌曲: 而风不止 - 蔡翊昇,万象凡音 - 蔡翊昇
[2025-12-27 12:58:25.739] [INFO] [SERVER] 广播到频道 all: music_deleted, 发送给 2 个客户端
[2025-12-27 12:58:25.739] [INFO] [SERVER] 删除不存在的歌曲: 多情应是我 - 漫乐酶,国风堂,慕寒 - 漫乐酶
[2025-12-27 12:58:25.740] [INFO] [SERVER] 广播到频道 all: music_deleted, 发送给 2 个客户端
[2025-12-27 12:58:25.741] [INFO] [SERVER] 删除不存在的歌曲: 蝶梦 - 黄诗扶,逆水寒 - 黄诗扶
[2025-12-27 12:58:25.742] [INFO] [SERVER] 广播到频道 all: music_deleted, 发送给 2 个客户端
[2025-12-27 12:58:25.742] [INFO] [SERVER] 删除不存在的歌曲: 雕花窗 - 马健 - 马健
[2025-12-27 12:58:25.744] [INFO] [SERVER] 广播到频道 all: music_deleted, 发送给 2 个客户端
[2025-12-27 12:58:25.745] [INFO] [SERVER] 删除不存在的歌曲: 丹青客 - HITA,小曲儿 - HITA
[2025-12-27 12:58:25.746] [INFO] [SERVER] 广播到频道 all: music_deleted, 发送给 2 个客户端
[2025-12-27 12:58:25.747] [INFO] [SERVER] 删除不存在的歌曲: 初见 - 张承煜（小魂）,王梓钰 - 张承煜（小魂）
[2025-12-27 12:58:25.749] [INFO] [SERVER] 广播到频道 all: music_deleted, 发送给 2 个客户端
[2025-12-27 12:58:25.750] [INFO] [SERVER] 删除不存在的歌曲: 吃茶记 - 慕寒,万象凡音 - 慕寒
[2025-12-27 12:58:25.751] [INFO] [SERVER] 广播到频道 all: music_deleted, 发送给 2 个客户端
[2025-12-27 12:58:25.751] [INFO] [SERVER] 删除不存在的歌曲: 裁梦为魂 - 银临 - 银临
[2025-12-27 12:58:25.752] [INFO] [SERVER] 广播到频道 all: music_deleted, 发送给 2 个客户端
[2025-12-27 12:58:25.753] [INFO] [SERVER] 删除不存在的歌曲: 不记年 - 妖言君 - 妖言君
[2025-12-27 12:58:25.754] [INFO] [SERVER] 广播到频道 all: music_deleted, 发送给 2 个客户端
[2025-12-27 12:58:25.754] [INFO] [SERVER] 删除不存在的歌曲: 笔墨山河千秋色 - 玄觞 - 玄觞
[2025-12-27 12:58:25.755] [INFO] [SERVER] 广播到频道 all: music_deleted, 发送给 2 个客户端
[2025-12-27 12:58:25.756] [INFO] [SERVER] 删除不存在的歌曲: 半阙相思 - 小时姑娘 - 小时姑娘
[2025-12-27 12:58:25.757] [INFO] [SERVER] 广播到频道 all: music_deleted, 发送给 2 个客户端
[2025-12-27 12:58:25.757] [INFO] [SERVER] 删除不存在的歌曲: 赤伶 - 谭晶 - 谭晶
[2025-12-27 12:58:25.759] [INFO] [SERVER] 广播到频道 all: music_deleted, 发送给 2 个客户端
[2025-12-27 12:58:25.759] [INFO] [SERVER] 删除不存在的歌曲: 追梦赤子心 - GALA
[2025-12-27 12:58:25.761] [INFO] [SERVER] 广播到频道 all: music_deleted, 发送给 2 个客户端
[2025-12-27 12:58:25.761] [INFO] [SERVER] 删除不存在的歌曲: 安和桥 - 宋冬野
[2025-12-27 12:58:25.762] [INFO] [SERVER] 广播到频道 all: music_deleted, 发送给 2 个客户端
[2025-12-27 12:58:25.763] [INFO] [SERVER] 删除不存在的歌曲: 夜空中最亮的星 - 逃跑计划
[2025-12-27 12:58:25.764] [INFO] [SERVER] 广播到频道 all: music_deleted, 发送给 2 个客户端
[2025-12-27 12:58:25.764] [INFO] [SERVER] 删除不存在的歌曲: 平凡之路 - 朴树
[2025-12-27 12:58:25.765] [INFO] [SERVER] 广播到频道 all: music_deleted, 发送给 2 个客户端
[2025-12-27 12:58:25.766] [INFO] [SERVER] 删除不存在的歌曲: 龙卷风 - 周杰伦
[2025-12-27 12:58:25.767] [INFO] [SERVER] 广播到频道 all: music_deleted, 发送给 2 个客户端
[2025-12-27 12:58:25.767] [INFO] [SERVER] 删除不存在的歌曲: song_1765608396071_0d28ef1eb36e59a3 - 未知艺术家
[2025-12-27 12:58:25.768] [INFO] [SERVER] 音乐库扫描完成: 添加 0 首, 更新 0 首, 删除 39 首
[2025-12-27 12:58:32.630] [INFO] [SERVER] 客户端断开: 89187bb2-da8d-4398-a8da-0ca443b25dc3, 剩余连接数: 1
[2025-12-27 12:58:34.457] [INFO] [SERVER] 客户端连接: b0c344b0-cf64-4273-b98a-73e75df49869, 当前连接数: 2
[2025-12-27 12:58:34.459] [INFO] [SERVER] 客户端 b0c344b0-cf64-4273-b98a-73e75df49869 订阅了频道: all
[2025-12-27 12:58:35.148] [INFO] [SERVER] 开始重新扫描音乐库...
[2025-12-27 12:58:35.150] [INFO] [SERVER] 找到 13 个音频文件
[2025-12-27 12:58:35.151] [INFO] [SERVER] 音乐库扫描完成: 添加 0 首, 更新 0 首, 删除 0 首
[2025-12-27 12:58:38.801] [INFO] [SERVER] 正在关闭服务器...
[2025-12-27 12:58:38.811] [INFO] [SERVER] 数据库连接已关闭
[2025-12-27 12:58:48.814] [ERROR] [SERVER] 强制关闭服务器
[2025-12-27 13:00:53.901] [INFO] [SERVER] WebSocket 服务器初始化完成
[2025-12-27 13:00:53.905] [INFO] [SERVER] ============================================================
[2025-12-27 13:00:53.905] [INFO] [SERVER] 服务器启动成功
[2025-12-27 13:00:53.906] [INFO] [SERVER] 端口: 3002
[2025-12-27 13:00:53.906] [INFO] [SERVER] 环境: development
[2025-12-27 13:00:53.906] [INFO] [SERVER] 音乐目录: D:\Projects\music-player\backend\music
[2025-12-27 13:00:53.907] [INFO] [SERVER] 数据库: undefined
[2025-12-27 13:00:53.907] [INFO] [SERVER] 访问地址: http://localhost:3002
[2025-12-27 13:00:53.907] [INFO] [SERVER] ============================================================
[2025-12-27 13:00:57.729] [INFO] [SERVER] 客户端连接: e0855c40-6350-4d87-b18e-e46d6a190b54, 当前连接数: 1
[2025-12-27 13:00:57.730] [INFO] [SERVER] 客户端 e0855c40-6350-4d87-b18e-e46d6a190b54 订阅了频道: all
[2025-12-27 13:00:58.909] [INFO] [SERVER] 启动自动清理任务，间隔: 24 小时
[2025-12-27 13:01:01.195] [INFO] [SERVER] 客户端连接: d71b1555-0f17-4f12-9077-35c72ed5e711, 当前连接数: 2
[2025-12-27 13:01:01.197] [INFO] [SERVER] 客户端 d71b1555-0f17-4f12-9077-35c72ed5e711 订阅了频道: all
[2025-12-27 13:01:02.442] [INFO] [SERVER] 客户端断开: d71b1555-0f17-4f12-9077-35c72ed5e711, 剩余连接数: 1
[2025-12-27 13:01:04.270] [INFO] [SERVER] 客户端连接: 684a6f27-159a-41e6-9e6e-7e101e82390b, 当前连接数: 2
[2025-12-27 13:01:04.272] [INFO] [SERVER] 客户端 684a6f27-159a-41e6-9e6e-7e101e82390b 订阅了频道: all
[2025-12-27 13:03:52.101] [INFO] [SERVER] 正在关闭服务器...
[2025-12-27 13:03:52.104] [INFO] [SERVER] 数据库连接已关闭
[2025-12-27 13:04:02.105] [ERROR] [SERVER] 强制关闭服务器
[2025-12-27 13:07:15.975] [INFO] [SERVER] WebSocket 服务器初始化完成
[2025-12-27 13:07:15.979] [INFO] [SERVER] ============================================================
[2025-12-27 13:07:15.980] [INFO] [SERVER] 服务器启动成功
[2025-12-27 13:07:15.980] [INFO] [SERVER] 端口: 3002
[2025-12-27 13:07:15.980] [INFO] [SERVER] 环境: development
[2025-12-27 13:07:15.981] [INFO] [SERVER] 音乐目录: D:\Projects\music-player\backend\music
[2025-12-27 13:07:15.982] [INFO] [SERVER] 数据库: undefined
[2025-12-27 13:07:15.982] [INFO] [SERVER] 访问地址: http://localhost:3002
[2025-12-27 13:07:15.982] [INFO] [SERVER] ============================================================
[2025-12-27 13:07:20.990] [INFO] [SERVER] 启动自动清理任务，间隔: 24 小时
[2025-12-27 13:09:38.589] [INFO] [SERVER] WebSocket 服务器初始化完成
[2025-12-27 13:09:38.593] [INFO] [SERVER] ============================================================
[2025-12-27 13:09:38.593] [INFO] [SERVER] 服务器启动成功
[2025-12-27 13:09:38.594] [INFO] [SERVER] 端口: 3002
[2025-12-27 13:09:38.594] [INFO] [SERVER] 环境: development
[2025-12-27 13:09:38.594] [INFO] [SERVER] 音乐目录: D:\Projects\music-player\backend\music
[2025-12-27 13:09:38.594] [INFO] [SERVER] 数据库: undefined
[2025-12-27 13:09:38.595] [INFO] [SERVER] 访问地址: http://localhost:3002
[2025-12-27 13:09:38.595] [INFO] [SERVER] ============================================================
[2025-12-27 13:09:41.215] [INFO] [SERVER] 客户端连接: 640c7ef8-7aa3-4915-9d5c-8de4534e355e, 当前连接数: 1
[2025-12-27 13:09:41.218] [INFO] [SERVER] 客户端 640c7ef8-7aa3-4915-9d5c-8de4534e355e 订阅了频道: all
[2025-12-27 13:09:42.361] [INFO] [SERVER] 客户端断开: 640c7ef8-7aa3-4915-9d5c-8de4534e355e, 剩余连接数: 0
[2025-12-27 13:09:43.599] [INFO] [SERVER] 启动自动清理任务，间隔: 24 小时
[2025-12-27 13:09:43.874] [INFO] [SERVER] 客户端连接: 4a05907f-7fd3-45db-90cc-4d773369bb1d, 当前连接数: 1
[2025-12-27 13:09:43.879] [INFO] [SERVER] 客户端 4a05907f-7fd3-45db-90cc-4d773369bb1d 订阅了频道: all
[2025-12-27 13:09:46.052] [INFO] [SERVER] STREAM 1766840986052_3aff1c:
[2025-12-27 13:09:46.053] [INFO] [SERVER] STREAM 1766840986052_3aff1c:
[2025-12-27 13:09:46.053] [INFO] [SERVER] STREAM 1766840986052_3aff1c:
[2025-12-27 13:09:46.054] [INFO] [SERVER] STREAM 1766840986052_3aff1c:
[2025-12-27 13:09:46.054] [INFO] [SERVER] STREAM 1766840986052_3aff1c:
[2025-12-27 13:09:46.055] [INFO] [SERVER] STREAM 1766840986052_3aff1c:
[2025-12-27 13:09:46.074] [INFO] [SERVER] STREAM 1766840986052_3aff1c:
[2025-12-27 13:09:46.081] [INFO] [SERVER] STREAM 1766840986081_899723:
[2025-12-27 13:09:46.081] [INFO] [SERVER] STREAM 1766840986081_899723:
[2025-12-27 13:09:46.082] [INFO] [SERVER] STREAM 1766840986081_899723:
[2025-12-27 13:09:46.083] [INFO] [SERVER] STREAM 1766840986081_899723:
[2025-12-27 13:09:46.083] [INFO] [SERVER] STREAM 1766840986081_899723:
[2025-12-27 13:09:46.084] [INFO] [SERVER] STREAM 1766840986081_899723:
[2025-12-27 13:09:46.090] [INFO] [SERVER] STREAM 1766840986081_899723:
[2025-12-27 13:09:46.343] [INFO] [SERVER] STREAM 1766840986342_12ca2f:
[2025-12-27 13:09:46.344] [INFO] [SERVER] STREAM 1766840986342_12ca2f:
[2025-12-27 13:09:46.345] [INFO] [SERVER] STREAM 1766840986342_12ca2f:
[2025-12-27 13:09:46.346] [INFO] [SERVER] STREAM 1766840986342_12ca2f:
[2025-12-27 13:09:46.346] [INFO] [SERVER] STREAM 1766840986342_12ca2f:
[2025-12-27 13:09:46.349] [INFO] [SERVER] STREAM 1766840986342_12ca2f:
[2025-12-27 13:12:35.202] [INFO] [SERVER] STREAM 1766840986342_12ca2f:
[2025-12-27 13:13:50.629] [INFO] [SERVER] STREAM 1766841230629_e6aee2:
[2025-12-27 13:13:50.630] [INFO] [SERVER] STREAM 1766841230629_e6aee2:
[2025-12-27 13:13:50.630] [INFO] [SERVER] STREAM 1766841230629_e6aee2:
[2025-12-27 13:13:50.631] [INFO] [SERVER] STREAM 1766841230629_e6aee2:
[2025-12-27 13:13:50.631] [INFO] [SERVER] STREAM 1766841230629_e6aee2:
[2025-12-27 13:13:50.631] [INFO] [SERVER] STREAM 1766841230629_e6aee2:
[2025-12-27 13:13:50.645] [INFO] [SERVER] STREAM 1766841230629_e6aee2:
[2025-12-27 13:13:50.652] [INFO] [SERVER] STREAM 1766841230652_79c82d:
[2025-12-27 13:13:50.653] [INFO] [SERVER] STREAM 1766841230652_79c82d:
[2025-12-27 13:13:50.653] [INFO] [SERVER] STREAM 1766841230652_79c82d:
[2025-12-27 13:13:50.654] [INFO] [SERVER] STREAM 1766841230652_79c82d:
[2025-12-27 13:13:50.654] [INFO] [SERVER] STREAM 1766841230652_79c82d:
[2025-12-27 13:13:50.655] [INFO] [SERVER] STREAM 1766841230652_79c82d:
[2025-12-27 13:13:50.665] [INFO] [SERVER] STREAM 1766841230652_79c82d:
[2025-12-27 13:13:50.891] [INFO] [SERVER] STREAM 1766841230891_1a45af:
[2025-12-27 13:13:50.892] [INFO] [SERVER] STREAM 1766841230891_1a45af:
[2025-12-27 13:13:50.892] [INFO] [SERVER] STREAM 1766841230891_1a45af:
[2025-12-27 13:13:50.893] [INFO] [SERVER] STREAM 1766841230891_1a45af:
[2025-12-27 13:13:50.893] [INFO] [SERVER] STREAM 1766841230891_1a45af:
[2025-12-27 13:13:50.894] [INFO] [SERVER] STREAM 1766841230891_1a45af:
[2025-12-27 13:13:53.356] [INFO] [SERVER] 从 网易云音乐 成功获取歌词: "Make It Mine" - "Jason Mraz"
[2025-12-27 13:13:53.365] [INFO] [SERVER] 成功从网络获取并保存歌词: Make It Mine
[2025-12-27 13:15:51.808] [INFO] [SERVER] STREAM 1766841230891_1a45af:
[2025-12-27 13:16:59.713] [INFO] [SERVER] STREAM 1766841419713_a69f47:
[2025-12-27 13:16:59.714] [INFO] [SERVER] STREAM 1766841419713_a69f47:
[2025-12-27 13:16:59.714] [INFO] [SERVER] STREAM 1766841419713_a69f47:
[2025-12-27 13:16:59.715] [INFO] [SERVER] STREAM 1766841419713_a69f47:
[2025-12-27 13:16:59.715] [INFO] [SERVER] STREAM 1766841419713_a69f47:
[2025-12-27 13:16:59.716] [INFO] [SERVER] STREAM 1766841419713_a69f47:
[2025-12-27 13:16:59.726] [INFO] [SERVER] STREAM 1766841419713_a69f47:
[2025-12-27 13:16:59.732] [INFO] [SERVER] STREAM 1766841419731_bb8bf4:
[2025-12-27 13:16:59.732] [INFO] [SERVER] STREAM 1766841419731_bb8bf4:
[2025-12-27 13:16:59.733] [INFO] [SERVER] STREAM 1766841419731_bb8bf4:
[2025-12-27 13:16:59.733] [INFO] [SERVER] STREAM 1766841419731_bb8bf4:
[2025-12-27 13:16:59.734] [INFO] [SERVER] STREAM 1766841419731_bb8bf4:
[2025-12-27 13:16:59.734] [INFO] [SERVER] STREAM 1766841419731_bb8bf4:
[2025-12-27 13:16:59.752] [INFO] [SERVER] STREAM 1766841419731_bb8bf4:
[2025-12-27 13:17:00.066] [INFO] [SERVER] STREAM 1766841420066_8224fd:
[2025-12-27 13:17:00.067] [INFO] [SERVER] STREAM 1766841420066_8224fd:
[2025-12-27 13:17:00.067] [INFO] [SERVER] STREAM 1766841420066_8224fd:
[2025-12-27 13:17:00.068] [INFO] [SERVER] STREAM 1766841420066_8224fd:
[2025-12-27 13:17:00.068] [INFO] [SERVER] STREAM 1766841420066_8224fd:
[2025-12-27 13:17:00.069] [INFO] [SERVER] STREAM 1766841420066_8224fd:
[2025-12-27 13:17:07.235] [WARN] [SERVER] Lyrics.ovh 获取失败: 歌词不存在
[2025-12-27 13:17:07.236] [INFO] [SERVER] 从 网易云音乐 成功获取歌词: "青花" - "周传雄"
[2025-12-27 13:17:07.238] [INFO] [SERVER] 成功从网络获取并保存歌词: 青花
[2025-12-27 13:19:01.880] [INFO] [SERVER] STREAM 1766841420066_8224fd:
[2025-12-27 13:20:02.689] [INFO] [SERVER] 客户端断开: 4a05907f-7fd3-45db-90cc-4d773369bb1d, 剩余连接数: 0
[2025-12-27 13:20:04.510] [INFO] [SERVER] 客户端连接: e1a5fc8a-72ae-4cc6-9215-ba56b0a4d2e5, 当前连接数: 1
[2025-12-27 13:20:04.513] [INFO] [SERVER] 客户端 e1a5fc8a-72ae-4cc6-9215-ba56b0a4d2e5 订阅了频道: all
[2025-12-27 13:20:27.097] [INFO] [SERVER] 正在关闭服务器...
[2025-12-27 13:20:27.106] [INFO] [SERVER] 数据库连接已关闭
[2025-12-27 13:20:37.113] [ERROR] [SERVER] 强制关闭服务器
[2025-12-27 13:20:53.395] [INFO] [SERVER] WebSocket 服务器初始化完成
[2025-12-27 13:20:53.398] [INFO] [SERVER] ============================================================
[2025-12-27 13:20:53.398] [INFO] [SERVER] 服务器启动成功
[2025-12-27 13:20:53.399] [INFO] [SERVER] 端口: 3002
[2025-12-27 13:20:53.399] [INFO] [SERVER] 环境: development
[2025-12-27 13:20:53.399] [INFO] [SERVER] 音乐目录: D:\Projects\music-player\backend\music
[2025-12-27 13:20:53.400] [INFO] [SERVER] 数据库: undefined
[2025-12-27 13:20:53.400] [INFO] [SERVER] 访问地址: http://localhost:3002
[2025-12-27 13:20:53.401] [INFO] [SERVER] ============================================================
[2025-12-27 13:20:56.119] [INFO] [SERVER] 客户端连接: 49331fdd-8fed-4ecc-9f0e-fe653261b774, 当前连接数: 1
[2025-12-27 13:20:56.121] [INFO] [SERVER] 客户端 49331fdd-8fed-4ecc-9f0e-fe653261b774 订阅了频道: all
[2025-12-27 13:20:58.406] [INFO] [SERVER] 启动自动清理任务，间隔: 24 小时
[2025-12-27 13:22:22.602] [INFO] [SERVER] 客户端连接: 2c5a131f-d45b-4b2a-b466-437affe99456, 当前连接数: 2
[2025-12-27 13:22:22.604] [INFO] [SERVER] 客户端 2c5a131f-d45b-4b2a-b466-437affe99456 订阅了频道: all
[2025-12-27 13:22:34.024] [INFO] [SERVER] 客户端断开: 2c5a131f-d45b-4b2a-b466-437affe99456, 剩余连接数: 1
[2025-12-27 13:22:35.542] [INFO] [SERVER] 客户端连接: 8ce438e3-f819-4620-90d1-6b9e71d817df, 当前连接数: 2
[2025-12-27 13:22:35.544] [INFO] [SERVER] 客户端 8ce438e3-f819-4620-90d1-6b9e71d817df 订阅了频道: all
[2025-12-27 13:26:34.586] [INFO] [SERVER] 客户端断开: 8ce438e3-f819-4620-90d1-6b9e71d817df, 剩余连接数: 1
[2025-12-27 13:26:36.125] [INFO] [SERVER] 客户端连接: ed656fff-732f-4bf0-853b-f584f88023ff, 当前连接数: 2
[2025-12-27 13:26:36.127] [INFO] [SERVER] 客户端 ed656fff-732f-4bf0-853b-f584f88023ff 订阅了频道: all
[2025-12-27 13:30:53.563] [WARN] [SERVER] 客户端心跳超时: ed656fff-732f-4bf0-853b-f584f88023ff
[2025-12-27 13:30:55.440] [INFO] [SERVER] 客户端连接: cad894b3-446c-4e2a-9968-a1d4d0a408ee, 当前连接数: 2
[2025-12-27 13:30:55.441] [INFO] [SERVER] 客户端 cad894b3-446c-4e2a-9968-a1d4d0a408ee 订阅了频道: all
[2025-12-27 13:34:53.610] [WARN] [SERVER] 客户端心跳超时: cad894b3-446c-4e2a-9968-a1d4d0a408ee
[2025-12-27 13:34:55.441] [INFO] [SERVER] 客户端连接: 3fc46336-b21b-40e6-9a10-adfd33f62b1a, 当前连接数: 2
[2025-12-27 13:34:55.442] [INFO] [SERVER] 客户端 3fc46336-b21b-40e6-9a10-adfd33f62b1a 订阅了频道: all
[2025-12-27 13:38:53.673] [WARN] [SERVER] 客户端心跳超时: 3fc46336-b21b-40e6-9a10-adfd33f62b1a
[2025-12-27 13:38:55.435] [INFO] [SERVER] 客户端连接: ec220c22-e355-49d8-8408-bd784df68e93, 当前连接数: 2
[2025-12-27 13:38:55.437] [INFO] [SERVER] 客户端 ec220c22-e355-49d8-8408-bd784df68e93 订阅了频道: all
[2025-12-27 13:42:22.169] [INFO] [SERVER] 客户端断开: ec220c22-e355-49d8-8408-bd784df68e93, 剩余连接数: 1
[2025-12-27 13:42:23.668] [INFO] [SERVER] 客户端连接: a157cfd3-9c3c-4581-af87-8da05b748341, 当前连接数: 2
[2025-12-27 13:42:23.669] [INFO] [SERVER] 客户端 a157cfd3-9c3c-4581-af87-8da05b748341 订阅了频道: all
[2025-12-27 13:46:17.494] [INFO] [SERVER] 客户端断开: a157cfd3-9c3c-4581-af87-8da05b748341, 剩余连接数: 1
[2025-12-27 13:46:18.993] [INFO] [SERVER] 客户端连接: da238e74-a197-4344-860d-85f5d87357dd, 当前连接数: 2
[2025-12-27 13:46:18.995] [INFO] [SERVER] 客户端 da238e74-a197-4344-860d-85f5d87357dd 订阅了频道: all
[2025-12-27 13:46:49.532] [INFO] [SERVER] 客户端断开: da238e74-a197-4344-860d-85f5d87357dd, 剩余连接数: 1
[2025-12-27 13:46:57.496] [INFO] [SERVER] 正在关闭服务器...
[2025-12-27 13:46:57.497] [INFO] [SERVER] 数据库连接已关闭
[2025-12-27 13:47:07.502] [ERROR] [SERVER] 强制关闭服务器
